Date,Open,High,Low,Close,Adj Close,Volume
2017-01-03,59.15999984741211,59.2599983215332,58.349998474121094,58.939998626708984,57.24140167236328,546700.0
2017-01-04,58.84000015258789,59.47999954223633,58.790000915527344,59.40999984741211,57.69786071777344,373000.0
2017-01-05,59.439998626708984,59.880001068115234,59.340999603271484,59.36000061035156,57.64929962158203,304800.0
2017-01-06,58.970001220703125,59.15999984741211,58.810001373291016,58.939998626708984,57.24140167236328,280500.0
2017-01-09,57.77000045776367,58.5,57.560001373291016,58.279998779296875,56.60042190551758,409300.0
2017-01-10,58.97999954223633,59.18000030517578,58.7400016784668,58.97999954223633,57.280250549316406,345400.0
2017-01-11,59.0,59.4900016784668,58.849998474121094,59.40999984741211,57.69786071777344,289700.0
2017-01-12,60.56999969482422,60.6349983215332,58.0099983215332,59.279998779296875,57.57160186767578,825500.0
2017-01-13,60.099998474121094,60.25699996948242,59.52000045776367,59.83000183105469,58.10575485229492,376800.0
2017-01-17,59.65999984741211,59.90999984741211,59.59000015258789,59.81999969482422,58.096046447753906,317700.0
2017-01-18,60.0,60.099998474121094,59.7400016784668,59.900001525878906,58.17374038696289,238900.0
2017-01-19,59.86000061035156,60.4900016784668,59.86000061035156,60.459999084472656,58.71759796142578,255800.0
2017-01-20,60.310001373291016,60.5,60.0099983215332,60.349998474121094,58.61076736450195,205500.0
2017-01-23,61.06999969482422,61.279998779296875,60.93000030517578,61.08000183105469,59.319732666015625,581800.0
2017-01-24,62.459999084472656,62.7599983215332,61.97999954223633,62.68000030517578,60.87362289428711,828000.0
2017-01-25,62.779998779296875,62.91999816894531,62.27000045776367,62.560001373291016,60.757080078125,511400.0
2017-01-26,61.939998626708984,62.380001068115234,61.7599983215332,61.86000061035156,60.07725143432617,377600.0
2017-01-27,62.029998779296875,62.13999938964844,61.81999969482422,62.0099983215332,60.22292709350586,230700.0
2017-01-30,60.91999816894531,61.220001220703125,60.65999984741211,60.939998626708984,59.18376541137695,446000.0
2017-01-31,60.939998626708984,62.68600082397461,60.939998626708984,62.130001068115234,60.33946990966797,732800.0
2017-02-01,62.5,62.59000015258789,61.66999816894531,62.13999938964844,60.34918212890625,372700.0
2017-02-02,65.01000213623047,65.12000274658203,64.19999694824219,64.61000061035156,62.74800491333008,896700.0
2017-02-03,65.48999786376953,65.80999755859375,65.41000366210938,65.69999694824219,63.806583404541016,713300.0
2017-02-06,64.33000183105469,64.9000015258789,64.25,64.58000183105469,62.718868255615234,447200.0
2017-02-07,64.47000122070312,64.68000030517578,64.30000305175781,64.5,62.64116668701172,362400.0
2017-02-08,64.20999908447266,65.30000305175781,64.12000274658203,65.19999694824219,63.32099533081055,281500.0
2017-02-09,65.19999694824219,65.19999694824219,64.58000183105469,64.7699966430664,62.903385162353516,289600.0
2017-02-10,64.54000091552734,65.33000183105469,64.4000015258789,65.22000122070312,63.34042739868164,383700.0
2017-02-13,66.0,66.37999725341797,65.80999755859375,66.16999816894531,64.2630386352539,445500.0
2017-02-14,66.36000061035156,66.56999969482422,66.04000091552734,66.19000244140625,64.282470703125,323600.0
2017-02-15,65.2300033569336,66.02999877929688,65.19000244140625,66.01000213623047,64.10765838623047,363500.0
2017-02-16,66.47000122070312,66.73999786376953,65.9800033569336,66.04000091552734,64.13679504394531,586400.0
2017-02-17,65.44000244140625,65.63999938964844,65.19000244140625,65.58999633789062,63.69976043701172,290500.0
2017-02-21,65.25,65.69999694824219,65.16999816894531,65.58000183105469,63.69004440307617,295300.0
2017-02-22,64.81999969482422,66.0,64.76000213623047,65.87999725341797,63.98139953613281,307800.0
2017-02-23,66.43000030517578,66.57099914550781,65.63999938964844,65.66999816894531,63.77743911743164,391500.0
2017-02-24,65.26000213623047,65.44999694824219,64.76000213623047,65.08999633789062,63.21416091918945,408800.0
2017-02-27,65.44000244140625,66.08999633789062,65.41999816894531,65.81999969482422,63.92313003540039,376500.0
2017-02-28,65.25,65.7300033569336,64.9800033569336,65.05999755859375,63.18502426147461,373300.0
2017-03-01,65.5999984741211,66.23999786376953,65.58000183105469,65.87000274658203,63.9716911315918,302500.0
2017-03-02,65.87000274658203,66.18000030517578,65.79000091552734,65.97000122070312,64.06880187988281,473100.0
2017-03-03,66.08000183105469,66.45999908447266,65.83000183105469,66.2699966430664,64.36016082763672,348400.0
2017-03-06,65.75,65.76000213623047,65.01000213623047,65.20999908447266,63.33070755004883,302300.0
2017-03-07,65.30000305175781,65.73999786376953,64.94000244140625,65.58999633789062,63.69976043701172,374600.0
2017-03-08,65.91999816894531,65.94000244140625,65.43000030517578,65.4800033569336,63.59292984008789,198900.0
2017-03-09,65.36000061035156,65.77999877929688,65.05000305175781,65.16999816894531,63.29185485839844,369200.0
2017-03-10,65.54000091552734,65.86000061035156,65.37999725341797,65.7300033569336,63.835716247558594,326400.0
2017-03-13,66.12999725341797,66.62999725341797,66.0999984741211,66.33999633789062,64.42813110351562,508200.0
2017-03-14,66.26000213623047,66.58999633789062,66.11000061035156,66.30999755859375,64.39900970458984,384500.0
2017-03-15,66.86000061035156,67.98999786376953,66.66000366210938,67.86000061035156,65.90434265136719,711500.0
2017-03-16,69.16000366210938,69.5,68.93000030517578,69.33999633789062,67.3416748046875,496000.0
2017-03-17,69.27999877929688,69.27999877929688,68.4000015258789,68.43000030517578,66.45791625976562,293400.0
2017-03-20,68.55999755859375,68.70999908447266,67.98999786376953,68.0,66.04029846191406,342100.0
2017-03-21,68.66999816894531,68.73999786376953,67.06999969482422,67.08999633789062,65.15652465820312,526100.0
2017-03-22,68.0199966430664,68.38999938964844,67.72000122070312,68.18000030517578,66.21511840820312,538700.0
2017-03-23,69.55999755859375,71.08000183105469,69.48999786376953,70.72000122070312,68.68191528320312,818800.0
2017-03-24,72.16999816894531,72.22000122070312,71.18000030517578,71.58000183105469,69.51712799072266,634300.0
2017-03-27,73.4000015258789,74.12000274658203,73.1500015258789,73.93000030517578,71.79940795898438,901900.0
2017-03-28,74.5,74.95999908447266,74.38999938964844,74.86000061035156,72.70260620117188,841300.0
2017-03-29,74.68000030517578,74.98999786376953,74.55000305175781,74.8499984741211,72.69288635253906,432800.0
2017-03-30,74.06999969482422,74.55999755859375,73.91999816894531,74.44999694824219,72.3044204711914,383500.0
2017-03-31,74.11000061035156,74.62000274658203,74.06999969482422,74.36000061035156,72.21701049804688,311200.0
2017-04-03,74.5999984741211,74.66000366210938,73.30999755859375,73.72000122070312,71.595458984375,582000.0
2017-04-04,73.72000122070312,73.91000366210938,73.43000030517578,73.5999984741211,71.47891998291016,541500.0
2017-04-05,73.51000213623047,73.62999725341797,72.38999938964844,72.41999816894531,70.33292388916016,514100.0
2017-04-06,72.86000061035156,72.91000366210938,72.4800033569336,72.61000061035156,70.51744079589844,329800.0
2017-04-07,72.11000061035156,72.26000213623047,71.88999938964844,71.88999938964844,69.81819915771484,391100.0
2017-04-10,71.88999938964844,72.25,71.81999969482422,71.93000030517578,69.85704803466797,291200.0
2017-04-11,72.08000183105469,72.29000091552734,71.30999755859375,71.83999633789062,69.76963806152344,425200.0
2017-04-12,71.83000183105469,71.94000244140625,71.55999755859375,71.66000366210938,69.59483337402344,450300.0
2017-04-13,71.47000122070312,71.75,69.58999633789062,70.62999725341797,68.5945053100586,489500.0
2017-04-17,70.87000274658203,71.54000091552734,70.8499984741211,71.31999969482422,69.2646255493164,239600.0
2017-04-18,70.54000091552734,71.02999877929688,70.3499984741211,70.58999633789062,68.5556640625,317800.0
2017-04-19,71.52999877929688,71.7699966430664,71.19400024414062,71.26000213623047,69.20635986328125,874800.0
2017-04-20,72.33000183105469,72.43000030517578,71.4000015258789,71.4000015258789,69.34231567382812,498400.0
2017-04-21,71.31999969482422,71.31999969482422,70.77999877929688,70.81999969482422,68.77903747558594,311700.0
2017-04-24,72.88999938964844,73.5199966430664,72.38999938964844,73.33999633789062,71.8708267211914,965500.0
2017-04-25,73.62999725341797,74.43000030517578,73.58799743652344,74.1500015258789,72.66461181640625,706400.0
2017-04-26,74.87999725341797,75.30999755859375,74.75900268554688,74.9000015258789,73.39958190917969,464200.0
2017-04-27,75.66999816894531,75.80999755859375,75.19000244140625,75.62000274658203,74.10516357421875,385000.0
2017-04-28,75.5,75.81999969482422,75.18000030517578,75.19999694824219,73.69357299804688,281500.0
2017-05-01,75.6500015258789,75.87999725341797,75.25,75.70999908447266,74.193359375,300200.0
2017-05-02,75.81999969482422,75.93000030517578,75.0999984741211,75.55999755859375,74.04635620117188,479700.0
2017-05-03,75.36000061035156,76.11000061035156,75.33000183105469,76.0199966430664,74.49714660644531,803200.0
2017-05-04,78.62999725341797,81.73999786376953,78.5199966430664,81.45999908447266,79.82816314697266,1862500.0
2017-05-05,81.68000030517578,82.52999877929688,81.41000366210938,82.4800033569336,80.82774353027344,786500.0
2017-05-08,82.12999725341797,82.97000122070312,81.66999816894531,82.72000122070312,81.06292724609375,881000.0
2017-05-09,83.5,85.51000213623047,83.4800033569336,84.45999908447266,82.76806640625,1329400.0
2017-05-10,84.08999633789062,84.44000244140625,83.86000061035156,84.0,82.3172836303711,582400.0
2017-05-11,82.79000091552734,83.29000091552734,82.1500015258789,82.9800033569336,81.3177261352539,649000.0
2017-05-12,82.55999755859375,84.4000015258789,82.49500274658203,84.12999725341797,82.4446792602539,568900.0
2017-05-15,84.27999877929688,85.12999725341797,84.20999908447266,84.9000015258789,83.19925689697266,485000.0
2017-05-16,84.58999633789062,85.18000030517578,84.41999816894531,84.58999633789062,82.89546966552734,447100.0
2017-05-17,84.83000183105469,85.0199966430664,82.7300033569336,82.7699966430664,81.11192321777344,748800.0
2017-05-18,82.55999755859375,84.56999969482422,82.33000183105469,84.22000122070312,82.53288269042969,437200.0
2017-05-19,83.66999816894531,83.93000030517578,83.05000305175781,83.33000183105469,81.66070556640625,622700.0
2017-05-22,83.45999908447266,84.41999816894531,83.44000244140625,84.3499984741211,82.66027069091797,398800.0
2017-05-23,84.02999877929688,84.9000015258789,83.96099853515625,84.79000091552734,83.09146118164062,722600.0
2017-05-24,84.44000244140625,85.25,84.33000183105469,85.08999633789062,83.38545227050781,616300.0
2017-05-25,85.12000274658203,85.76000213623047,85.12000274658203,85.69999694824219,83.98323059082031,383200.0
2017-05-26,85.01000213623047,85.61000061035156,84.95999908447266,85.5,83.78723907470703,450500.0
2017-05-30,85.2699966430664,85.76000213623047,85.19999694824219,85.48999786376953,83.7774429321289,444000.0
2017-05-31,86.30999755859375,86.73999786376953,85.80999755859375,86.72000122070312,84.98279571533203,422800.0
2017-06-01,87.19000244140625,89.08999633789062,87.08999633789062,88.5999984741211,86.82514190673828,783500.0
2017-06-02,90.43000030517578,90.83999633789062,89.5,90.58999633789062,88.77527618408203,762200.0
2017-06-05,90.12000274658203,90.63999938964844,90.01000213623047,90.44000244140625,88.62828063964844,348600.0
2017-06-06,90.0,91.13999938964844,89.91999816894531,90.51000213623047,88.69688415527344,328000.0
2017-06-07,90.4000015258789,90.9800033569336,90.02999877929688,90.56999969482422,88.75567626953125,410900.0
2017-06-08,91.70999908447266,91.91999816894531,90.70999908447266,91.8499984741211,90.0100326538086,489600.0
2017-06-09,91.63999938964844,91.94000244140625,89.16000366210938,89.44999694824219,87.6581039428711,849200.0
2017-06-12,89.0199966430664,89.08999633789062,87.43000030517578,87.75,85.9921646118164,1021900.0
2017-06-13,88.83999633789062,88.98999786376953,87.91000366210938,88.19000244140625,86.42335510253906,586200.0
2017-06-14,88.72000122070312,88.83000183105469,87.88999938964844,88.41999816894531,86.64874267578125,397400.0
2017-06-15,85.81999969482422,87.68000030517578,85.36000061035156,87.55000305175781,85.79617309570312,830900.0
2017-06-16,88.55000305175781,88.81999969482422,87.86299896240234,88.02999877929688,86.26655578613281,414800.0
2017-06-19,89.27999877929688,89.93000030517578,89.05999755859375,89.77999877929688,87.98149108886719,556800.0
2017-06-20,89.43000030517578,89.58999633789062,88.61000061035156,88.73999786376953,86.96233367919922,361500.0
2017-06-21,89.11000061035156,89.38999938964844,88.6050033569336,89.18000030517578,87.39351654052734,240300.0
2017-06-22,89.06999969482422,89.9000015258789,88.88999938964844,89.38999938964844,87.59931182861328,237100.0
2017-06-23,88.9800033569336,89.31999969482422,88.3499984741211,89.18000030517578,87.39351654052734,272800.0
2017-06-26,89.37000274658203,89.91000366210938,88.41000366210938,88.83000183105469,87.05052947998047,255600.0
2017-06-27,88.30999755859375,88.30999755859375,87.23999786376953,87.30999755859375,85.56098175048828,351100.0
2017-06-28,87.19000244140625,87.91000366210938,86.87000274658203,87.7699966430664,86.01175689697266,455900.0
2017-06-29,86.38999938964844,86.44000244140625,85.2300033569336,85.94999694824219,84.22821807861328,605600.0
2017-06-30,86.63999938964844,86.94000244140625,85.73999786376953,86.0199966430664,84.29682159423828,352700.0
2017-07-03,86.33999633789062,86.94999694824219,85.80999755859375,85.80999755859375,84.09103393554688,399500.0
2017-07-05,84.98999786376953,86.47000122070312,84.37999725341797,86.29000091552734,84.56141662597656,680500.0
2017-07-06,85.4800033569336,86.05000305175781,85.08000183105469,85.69999694824219,83.98323059082031,375300.0
2017-07-07,85.27999877929688,86.30999755859375,85.05999755859375,86.08999633789062,84.36541748046875,364300.0
2017-07-10,86.08999633789062,88.91999816894531,86.08999633789062,88.51000213623047,86.73694610595703,422700.0
2017-07-11,89.3499984741211,90.83999633789062,89.06999969482422,90.58999633789062,88.77527618408203,1130900.0
2017-07-12,90.47000122070312,93.18000030517578,90.37999725341797,92.87999725341797,91.01939392089844,1394900.0
2017-07-13,92.52999877929688,93.0,92.19000244140625,92.76000213623047,90.90180969238281,515600.0
2017-07-14,92.73999786376953,94.0,92.41000366210938,93.9000015258789,92.01896667480469,513600.0
2017-07-17,93.33999633789062,93.9800033569336,93.16000366210938,93.75,91.8719711303711,507100.0
2017-07-18,93.55000305175781,95.16999816894531,93.44000244140625,95.1500015258789,93.24392700195312,830200.0
2017-07-19,95.23999786376953,97.62000274658203,95.2300033569336,97.62000274658203,95.66444396972656,1533000.0
2017-07-20,99.16000366210938,100.08000183105469,98.6050033569336,99.98999786376953,97.9869613647461,1520700.0
2017-07-21,99.29000091552734,100.19999694824219,98.20999908447266,100.0199966430664,98.01636505126953,1040900.0
2017-07-24,100.19999694824219,101.75,100.0199966430664,101.62000274658203,99.5843276977539,1050100.0
2017-07-25,101.13999938964844,101.41000366210938,100.2300033569336,101.4000015258789,99.36872863769531,995300.0
2017-07-26,102.88999938964844,105.66000366210938,102.88999938964844,105.41000366210938,103.29840087890625,1403600.0
2017-07-27,105.69999694824219,105.73999786376953,103.01000213623047,104.04000091552734,101.9558334350586,1564900.0
2017-07-28,104.87000274658203,107.0,104.63999938964844,105.7699966430664,103.65118408203125,1127800.0
2017-07-31,105.72000122070312,106.01000213623047,103.97000122070312,105.19000244140625,103.08280181884766,904400.0
2017-08-01,108.77999877929688,109.77999877929688,107.76000213623047,108.31999969482422,106.15010070800781,2099400.0
2017-08-02,106.0,111.45999908447266,103.16999816894531,110.47000122070312,108.25703430175781,3332200.0
2017-08-03,108.68000030517578,109.6500015258789,107.58999633789062,108.33999633789062,106.1697006225586,1243600.0
2017-08-04,108.66999816894531,109.69999694824219,108.4000015258789,109.1500015258789,106.96347045898438,704500.0
2017-08-07,109.3499984741211,110.88999938964844,109.33000183105469,110.55999755859375,108.34522247314453,406500.0
2017-08-08,111.43000030517578,111.7699966430664,110.30500030517578,110.66000366210938,108.44322204589844,491000.0
2017-08-09,110.11000061035156,111.33000183105469,109.91000366210938,111.26000213623047,109.03120422363281,335500.0
2017-08-10,110.19000244140625,110.33000183105469,108.5,108.66999816894531,106.49308776855469,738700.0
2017-08-11,106.58999633789062,107.83999633789062,106.16999816894531,107.58000183105469,105.4249267578125,748000.0
2017-08-14,108.55999755859375,110.3499984741211,108.44999694824219,110.05000305175781,107.84544372558594,524600.0
2017-08-15,110.58000183105469,110.83999633789062,109.61000061035156,110.26000213623047,108.05123138427734,257900.0
2017-08-16,110.5199966430664,111.18000030517578,110.44000244140625,110.94999694824219,108.7274169921875,376300.0
2017-08-17,110.73999786376953,111.01000213623047,109.25,109.25,107.06147766113281,504800.0
2017-08-18,110.0,112.0199966430664,109.51000213623047,111.52999877929688,109.2957992553711,672900.0
2017-08-21,110.41999816894531,112.91999816894531,110.37000274658203,112.8499984741211,110.58935546875,916000.0
2017-08-22,112.88999938964844,115.63999938964844,112.8499984741211,115.18000030517578,112.8726806640625,945800.0
2017-08-23,115.0999984741211,116.37999725341797,114.93000030517578,115.62000274658203,113.30387115478516,677900.0
2017-08-24,115.9000015258789,115.98999786376953,114.01000213623047,114.16999816894531,111.8829116821289,761600.0
2017-08-25,114.58999633789062,115.02999877929688,113.99500274658203,114.0,111.71631622314453,455000.0
2017-08-28,114.02999877929688,114.12000274658203,113.2300033569336,113.83000183105469,111.54972076416016,402900.0
2017-08-29,113.30999755859375,113.9800033569336,113.16000366210938,113.76000213623047,111.48112487792969,711900.0
2017-08-30,114.55999755859375,114.87000274658203,114.19999694824219,114.5999984741211,112.30429077148438,668000.0
2017-08-31,113.79000091552734,114.7699966430664,113.72000122070312,114.48999786376953,112.19650268554688,666600.0
2017-09-01,114.91999816894531,117.66000366210938,114.9000015258789,116.76000213623047,114.42102813720703,773200.0
2017-09-05,115.91999816894531,116.94000244140625,115.44999694824219,116.16000366210938,113.83305358886719,525200.0
2017-09-06,118.08999633789062,118.0999984741211,116.37000274658203,116.8499984741211,114.50922393798828,401100.0
2017-09-07,111.20999908447266,111.5999984741211,107.30999755859375,108.58999633789062,106.4146957397461,3455300.0
2017-09-08,110.44999694824219,110.54000091552734,108.95999908447266,109.36000061035156,107.16926574707031,1406500.0
2017-09-11,110.80999755859375,111.54000091552734,110.38999938964844,111.4800033569336,109.24679565429688,771100.0
2017-09-12,111.47000122070312,111.62000274658203,109.62000274658203,109.94000244140625,107.73765563964844,517800.0
2017-09-13,109.80999755859375,110.05000305175781,108.33000183105469,108.80000305175781,106.62049102783203,565500.0
2017-09-14,109.31999969482422,109.43499755859375,108.41999816894531,109.2300033569336,107.04187774658203,551400.0
2017-09-15,110.58999633789062,110.73999786376953,109.61000061035156,110.05000305175781,107.84544372558594,555000.0
2017-09-18,111.75,112.76000213623047,111.30999755859375,112.33000183105469,110.07977294921875,582400.0
2017-09-19,112.91000366210938,113.94000244140625,112.75,113.48999786376953,111.2165298461914,534000.0
2017-09-20,113.27999877929688,113.68000030517578,112.01000213623047,113.01000213623047,110.74615478515625,326400.0
2017-09-21,113.05000305175781,113.83000183105469,112.88999938964844,113.56999969482422,111.29493713378906,210500.0
2017-09-22,112.93000030517578,113.8499984741211,112.58000183105469,113.47000122070312,111.19693756103516,271200.0
2017-09-25,112.94000244140625,113.0199966430664,109.68000030517578,110.13999938964844,107.93364715576172,767800.0
2017-09-26,110.13999938964844,110.62000274658203,108.44000244140625,108.9800033569336,106.79688262939453,766600.0
2017-09-27,109.19999694824219,110.93000030517578,109.05000305175781,110.58000183105469,108.36483001708984,461100.0
2017-09-28,109.72000122070312,110.23999786376953,109.40499877929688,110.02999877929688,107.82584381103516,253600.0
2017-09-29,110.02999877929688,110.97000122070312,109.91500091552734,110.4800033569336,108.26683044433594,283300.0
2017-10-02,110.76000213623047,112.83999633789062,110.76000213623047,112.43000030517578,110.17776489257812,308000.0
2017-10-03,112.58000183105469,114.5,112.51000213623047,114.33000183105469,112.03970336914062,612700.0
2017-10-04,114.0199966430664,114.75,113.52200317382812,114.44999694824219,112.15730285644531,459400.0
2017-10-05,114.13999938964844,114.47000122070312,112.88999938964844,113.16999816894531,110.90294647216797,306100.0
2017-10-06,111.95999908447266,112.72000122070312,111.20999908447266,112.5999984741211,110.3443603515625,482900.0
2017-10-09,112.69000244140625,116.55999755859375,112.65599822998047,114.83000183105469,112.5296859741211,940400.0
2017-10-10,116.30000305175781,116.30000305175781,114.97000122070312,115.66999816894531,113.35285949707031,546700.0
2017-10-11,116.33000183105469,117.12999725341797,116.09500122070312,116.5199966430664,114.18583679199219,377800.0
2017-10-12,115.97000122070312,116.44000244140625,115.56999969482422,116.08999633789062,113.76444244384766,305300.0
2017-10-13,115.80999755859375,116.41999816894531,114.87999725341797,114.95999908447266,112.65708923339844,344900.0
2017-10-16,114.9000015258789,117.82499694824219,114.44999694824219,116.80999755859375,114.47003173828125,784000.0
2017-10-17,115.94999694824219,116.48999786376953,115.3499984741211,115.7699966430664,113.45085906982422,443500.0
2017-10-18,116.19999694824219,116.8759994506836,115.62999725341797,116.55999755859375,114.22503662109375,284600.0
2017-10-19,114.73999786376953,116.08999633789062,113.62999725341797,115.91000366210938,113.58806610107422,416200.0
2017-10-20,115.04000091552734,115.26000213623047,114.375,114.5999984741211,112.30429077148438,425100.0
2017-10-23,114.70999908447266,114.98999786376953,113.66000366210938,113.70999908447266,111.43212890625,228500.0
2017-10-24,114.72000122070312,115.52999877929688,114.4000015258789,114.58999633789062,112.29449462890625,444800.0
2017-10-25,115.54000091552734,116.30000305175781,113.8499984741211,114.72000122070312,112.4218978881836,702600.0
2017-10-26,115.30999755859375,115.47000122070312,114.66999816894531,115.06999969482422,112.76488494873047,257100.0
2017-10-27,116.05999755859375,116.12999725341797,115.16999816894531,115.58999633789062,113.27445983886719,354100.0
2017-10-30,116.62999725341797,117.43000030517578,116.40499877929688,117.18000030517578,114.83261108398438,500900.0
2017-10-31,118.0,120.36000061035156,117.9800033569336,119.68000030517578,117.28253936767578,1021100.0
2017-11-01,121.0,121.13999938964844,119.87999725341797,120.0,117.59612274169922,643800.0
2017-11-02,118.48999786376953,119.16999816894531,115.5199966430664,117.11000061035156,114.76402282714844,1338600.0
2017-11-03,118.25,118.36000061035156,117.36000061035156,117.43000030517578,115.07759857177734,497400.0
2017-11-06,117.19000244140625,117.75,116.45999908447266,117.25,114.90121459960938,473800.0
2017-11-07,116.5199966430664,116.5199966430664,114.1500015258789,114.88999938964844,112.58849334716797,525100.0
2017-11-08,113.44000244140625,113.44000244140625,110.4800033569336,112.80000305175781,110.54035949707031,719300.0
2017-11-09,110.81999969482422,110.81999969482422,108.79100036621094,109.44000244140625,107.24767303466797,945400.0
2017-11-10,109.77999877929688,109.98999786376953,109.06999969482422,109.55999755859375,107.3652572631836,525200.0
2017-11-13,110.19999694824219,111.04000091552734,110.13999938964844,110.44000244140625,108.2276382446289,1038700.0
2017-11-14,110.18000030517578,110.23500061035156,109.19999694824219,109.91000366210938,107.708251953125,343300.0
2017-11-15,108.31999969482422,109.12000274658203,107.58000183105469,108.51000213623047,106.33629608154297,400600.0
2017-11-16,109.6500015258789,110.33000183105469,109.41999816894531,110.0199966430664,107.81604766845703,261100.0
2017-11-17,109.63999938964844,109.87999725341797,108.87000274658203,109.16999816894531,106.98307037353516,342500.0
2017-11-20,109.91500091552734,110.88999938964844,109.83999633789062,110.18000030517578,107.97283935546875,274500.0
2017-11-21,111.70999908447266,112.33000183105469,111.37000274658203,111.48999786376953,109.25659942626953,348100.0
2017-11-22,111.9800033569336,112.30899810791016,111.28500366210938,111.81999969482422,109.57998657226562,217700.0
2017-11-24,113.16999816894531,114.0199966430664,113.0999984741211,113.70999908447266,111.43212890625,164100.0
2017-11-27,112.75,112.95999908447266,111.77999877929688,111.80000305175781,109.56039428710938,346900.0
2017-11-28,112.58000183105469,112.7249984741211,111.51000213623047,111.69999694824219,109.46239471435547,492300.0
2017-11-29,111.80999755859375,111.91999816894531,107.41600036621094,108.4000015258789,106.22850036621094,989200.0
2017-11-30,108.70999908447266,109.08799743652344,107.61000061035156,108.5999984741211,106.42449188232422,490200.0
2017-12-01,107.5999984741211,108.20999908447266,106.0,107.47000122070312,105.31713104248047,489700.0
2017-12-04,107.02999877929688,107.11799621582031,103.8499984741211,104.33999633789062,102.24982452392578,981400.0
2017-12-05,104.45999908447266,105.62999725341797,104.16999816894531,104.16999816894531,102.08323669433594,663400.0
2017-12-06,104.77999877929688,105.25,104.19000244140625,104.56999969482422,102.47522735595703,424900.0
2017-12-07,104.20999908447266,105.11399841308594,104.01000213623047,104.62999725341797,102.53401947021484,349400.0
2017-12-08,106.23999786376953,106.5199966430664,105.80000305175781,105.83999633789062,103.71977233886719,428600.0
2017-12-11,106.66999816894531,106.97000122070312,106.38999938964844,106.44000244140625,104.3077621459961,511500.0
2017-12-12,106.0,107.37999725341797,105.93000030517578,106.6500015258789,104.51355743408203,651100.0
2017-12-13,106.6500015258789,107.14099884033203,105.80000305175781,105.80000305175781,103.68058776855469,733000.0
2017-12-14,106.44999694824219,107.08999633789062,104.88999938964844,105.0199966430664,102.91620635986328,348800.0
2017-12-15,104.8499984741211,104.86000061035156,103.9000015258789,104.37999725341797,102.28902435302734,692200.0
2017-12-18,105.48999786376953,107.02999877929688,105.48999786376953,106.70999908447266,104.57234954833984,401700.0
2017-12-19,105.73999786376953,106.29000091552734,105.41000366210938,105.47000122070312,103.3572006225586,302100.0
2017-12-20,105.80000305175781,105.87000274658203,105.29000091552734,105.55999755859375,103.44538879394531,198500.0
2017-12-21,105.4000015258789,106.58000183105469,105.26000213623047,106.20999908447266,104.08236694335938,483300.0
2017-12-22,105.44000244140625,106.80000305175781,105.44000244140625,106.54000091552734,104.40575408935547,235300.0
2017-12-26,106.54000091552734,107.97000122070312,106.0,106.9800033569336,104.83695220947266,284600.0
2017-12-27,106.1500015258789,107.0999984741211,106.1500015258789,106.80000305175781,104.66055297851562,183800.0
2017-12-28,106.36000061035156,106.87000274658203,106.29499816894531,106.75,104.61155700683594,277200.0
2017-12-29,105.94999694824219,106.05999755859375,104.80999755859375,104.83999633789062,102.73980712890625,254900.0
2018-01-02,104.12000274658203,105.37999725341797,103.6500015258789,105.1500015258789,103.0436019897461,546800.0
2018-01-03,106.33999633789062,107.38999938964844,106.33999633789062,107.16999816894531,105.02313995361328,426500.0
2018-01-04,112.61000061035156,112.63999938964844,111.0199966430664,111.30999755859375,109.0802001953125,882800.0
2018-01-05,112.73999786376953,113.0199966430664,112.02999877929688,112.12999725341797,109.88377380371094,408100.0
2018-01-08,112.81999969482422,113.61000061035156,112.58000183105469,113.5199966430664,111.24593353271484,451200.0
2018-01-09,115.0,115.05000305175781,113.6500015258789,114.31999969482422,112.0299072265625,369300.0
2018-01-10,114.0,114.7699966430664,113.80000305175781,114.2699966430664,111.98090362548828,282800.0
2018-01-11,115.91999816894531,117.44999694824219,115.91999816894531,117.16000366210938,114.81301879882812,632100.0
2018-01-12,118.58999633789062,118.68000030517578,117.41999816894531,117.83999633789062,115.4793930053711,392900.0
2018-01-16,118.73999786376953,118.9800033569336,117.4800033569336,117.55999755859375,115.20500183105469,587500.0
2018-01-17,118.8499984741211,120.19999694824219,118.30999755859375,119.44999694824219,117.05713653564453,449800.0
2018-01-18,119.41999816894531,119.88999938964844,118.87999725341797,119.37999725341797,116.98854064941406,335100.0
2018-01-19,120.79000091552734,121.18000030517578,119.87999725341797,120.95999908447266,118.53689575195312,358500.0
2018-01-22,120.8499984741211,121.45999908447266,120.5,121.37000274658203,118.93867492675781,308300.0
2018-01-23,120.52999877929688,120.52999877929688,118.4000015258789,118.93000030517578,116.54756164550781,521500.0
2018-01-24,119.26000213623047,119.45999908447266,118.08999633789062,118.9000015258789,116.51815795898438,346200.0
2018-01-25,119.27999877929688,119.38999938964844,117.69999694824219,118.20999908447266,115.84197998046875,378500.0
2018-01-26,118.94999694824219,120.05000305175781,118.87000274658203,119.95999908447266,117.55693054199219,263800.0
2018-01-29,118.66000366210938,119.19000244140625,117.81999969482422,118.72000122070312,116.34176635742188,506100.0
2018-01-30,118.77999877929688,119.0,118.05000305175781,118.08999633789062,115.72438049316406,473300.0
2018-01-31,118.31999969482422,120.13999938964844,118.2699966430664,119.5,117.10614013671875,742700.0
2018-02-01,123.94999694824219,129.8699951171875,123.94000244140625,128.19000244140625,125.62206268310547,2679200.0
2018-02-02,130.35000610351562,130.6300048828125,126.76000213623047,127.13999938964844,124.59308624267578,1395400.0
2018-02-05,127.31999969482422,128.17999267578125,120.52999877929688,121.44999694824219,119.01707458496094,1157700.0
2018-02-06,121.0199966430664,127.58999633789062,120.43000030517578,126.9000015258789,124.35791015625,1830300.0
2018-02-07,124.80000305175781,126.13999938964844,124.08000183105469,124.08000183105469,121.59439849853516,793600.0
2018-02-08,124.30999755859375,124.58200073242188,119.62000274658203,119.62000274658203,117.22373962402344,797000.0
2018-02-09,119.26000213623047,121.02999877929688,117.22000122070312,120.23999786376953,117.83131408691406,1076600.0
2018-02-12,119.58999633789062,123.37000274658203,119.58999633789062,122.55000305175781,120.09503936767578,590900.0
2018-02-13,122.81999969482422,124.29000091552734,122.30999755859375,123.7699966430664,121.29059600830078,495700.0
2018-02-14,122.04000091552734,126.45999908447266,122.0,125.87999725341797,123.35832977294922,429100.0
2018-02-15,129.52999877929688,129.52999877929688,127.44000244140625,129.10000610351562,126.51384735107422,710000.0
2018-02-16,130.32000732421875,131.1999969482422,129.27999877929688,129.7100067138672,127.11162567138672,571800.0
2018-02-20,126.86000061035156,129.52000427246094,126.80999755859375,128.39999389648438,125.82785034179688,488200.0
2018-02-21,129.5800018310547,130.36000061035156,127.98999786376953,128.00999450683594,125.44566345214844,461100.0
2018-02-22,127.79000091552734,127.88999938964844,126.16100311279297,126.70999908447266,124.17170715332031,357000.0
2018-02-23,127.05000305175781,129.6199951171875,127.05000305175781,129.55999755859375,126.96460723876953,257800.0
2018-02-26,130.1300048828125,130.47999572753906,128.19000244140625,129.3000030517578,126.70983123779297,393800.0
2018-02-27,129.14999389648438,129.33999633789062,126.0,126.01000213623047,123.48573303222656,526100.0
2018-02-28,126.0999984741211,126.5,124.08999633789062,124.20999908447266,121.72178649902344,512500.0
2018-03-01,124.19999694824219,124.37000274658203,120.20999908447266,121.52999877929688,119.0954818725586,672200.0
2018-03-02,120.5199966430664,121.36000061035156,118.5999984741211,121.11000061035156,118.68389129638672,693600.0
2018-03-05,119.05000305175781,121.63999938964844,118.31999969482422,121.5,119.06607055664062,523100.0
2018-03-06,122.75,123.44999694824219,122.13999938964844,122.75,120.2910385131836,625300.0
2018-03-07,122.30000305175781,125.23999786376953,122.30000305175781,124.72000122070312,122.22157287597656,526300.0
2018-03-08,125.30000305175781,125.5199966430664,122.9000015258789,123.81999969482422,121.339599609375,511300.0
2018-03-09,124.19999694824219,124.8499984741211,124.0,124.70999908447266,122.2117691040039,324200.0
2018-03-12,124.5999984741211,124.91999816894531,124.08999633789062,124.31999969482422,121.82958221435547,414200.0
2018-03-13,124.97000122070312,125.2750015258789,122.86000061035156,123.0999984741211,120.63401794433594,642900.0
2018-03-14,123.93000030517578,123.97000122070312,121.94999694824219,122.25,119.8010482788086,315000.0
2018-03-15,122.47000122070312,123.3499984741211,122.06999969482422,122.79000091552734,120.33023834228516,401500.0
2018-03-16,123.18000030517578,123.25,121.91999816894531,121.94000244140625,119.49726104736328,372900.0
2018-03-19,122.41999816894531,122.44999694824219,120.33000183105469,121.26000213623047,118.83088684082031,300100.0
2018-03-20,121.12999725341797,122.4000015258789,121.12999725341797,121.68000030517578,119.24247741699219,551300.0
2018-03-21,123.26000213623047,124.45999908447266,123.05000305175781,123.52999877929688,121.05540466308594,671500.0
2018-03-22,121.93000030517578,122.55999755859375,120.41000366210938,120.41999816894531,118.0077133178711,432400.0
2018-03-23,120.88999938964844,121.1500015258789,118.36000061035156,118.38999938964844,116.01837921142578,492900.0
2018-03-26,121.69999694824219,122.1500015258789,119.2300033569336,121.30999755859375,118.87987518310547,298500.0
2018-03-27,122.69000244140625,122.86000061035156,118.9800033569336,119.69999694824219,117.3021240234375,479600.0
2018-03-28,121.48999786376953,121.73999786376953,119.36000061035156,119.62000274658203,117.22373962402344,393500.0
2018-03-29,121.16999816894531,121.3499984741211,119.80000305175781,120.5199966430664,118.10570526123047,358600.0
2018-04-02,119.69000244140625,120.05000305175781,116.5199966430664,117.5199966430664,115.16580200195312,272500.0
2018-04-03,120.51000213623047,121.36000061035156,119.48999786376953,120.61000061035156,118.19390869140625,531100.0
2018-04-04,117.25,120.63999938964844,117.08999633789062,120.44000244140625,118.02731323242188,408900.0
2018-04-05,120.91999816894531,121.80000305175781,120.54000091552734,121.33999633789062,118.9092788696289,387900.0
2018-04-06,121.33000183105469,122.04000091552734,119.54000091552734,120.75,118.33110046386719,385400.0
2018-04-09,121.52999877929688,121.91999816894531,120.01000213623047,120.19000244140625,117.7823257446289,277200.0
2018-04-10,121.94999694824219,122.6500015258789,121.19000244140625,122.11000061035156,119.66385650634766,368800.0
2018-04-11,120.72000122070312,121.79000091552734,120.13999938964844,120.43000030517578,118.01750946044922,262700.0
2018-04-12,121.52999877929688,122.13999938964844,121.41999816894531,122.0199966430664,119.57565307617188,222500.0
2018-04-13,121.7300033569336,122.94999694824219,121.68000030517578,122.43000030517578,119.97744750976562,415700.0
2018-04-16,122.48999786376953,123.39900207519531,122.23999786376953,123.01000213623047,120.54582977294922,289900.0
2018-04-17,123.73999786376953,125.44000244140625,123.44999694824219,125.2300033569336,122.72135925292969,442900.0
2018-04-18,124.19000244140625,125.44000244140625,124.12000274658203,124.80000305175781,122.29998016357422,372100.0
2018-04-19,124.0,124.36000061035156,122.54000091552734,123.19000244140625,120.72222900390625,330200.0
2018-04-20,122.41999816894531,123.08000183105469,122.13999938964844,122.68000030517578,120.22244262695312,174500.0
2018-04-23,121.47000122070312,122.03800201416016,121.11000061035156,121.87999725341797,120.13372802734375,216900.0
2018-04-24,122.7300033569336,123.61199951171875,121.63999938964844,122.75,120.99126434326172,552000.0
2018-04-25,122.45999908447266,123.31999969482422,121.77999877929688,122.81999969482422,121.06025695800781,261300.0
2018-04-26,123.45999908447266,123.55999755859375,122.13999938964844,122.9800033569336,121.21797180175781,363900.0
2018-04-27,123.0,123.08000183105469,121.81999969482422,121.98999786376953,120.24214935302734,265200.0
2018-04-30,121.80000305175781,123.37000274658203,121.5999984741211,122.68000030517578,120.92227172851562,306500.0
2018-05-01,122.66000366210938,122.75499725341797,121.18000030517578,122.4800033569336,120.72513580322266,224500.0
2018-05-02,126.41000366210938,127.16999816894531,125.62000274658203,125.80999755859375,124.00741577148438,772400.0
2018-05-03,124.18000030517578,133.4499969482422,123.71099853515625,130.99000549316406,129.1132049560547,1414600.0
2018-05-04,134.9199981689453,137.4499969482422,134.27999877929688,137.3300018310547,135.36236572265625,1201600.0
2018-05-07,139.36000061035156,141.55999755859375,139.1699981689453,140.38999938964844,138.37850952148438,773500.0
2018-05-08,136.8000030517578,138.0,135.22000122070312,136.77000427246094,134.81039428710938,586600.0
2018-05-09,136.5399932861328,136.77000427246094,134.97999572753906,135.63999938964844,133.6965789794922,341800.0
2018-05-10,135.0399932861328,135.875,134.8699951171875,135.57000732421875,133.62759399414062,318000.0
2018-05-11,135.61000061035156,136.2899932861328,135.1199951171875,136.0500030517578,134.1007080078125,211800.0
2018-05-14,135.35000610351562,136.24000549316406,135.0399932861328,135.1999969482422,133.26287841796875,179400.0
2018-05-15,134.02000427246094,134.5500030517578,133.27000427246094,133.88999938964844,131.97164916992188,191100.0
2018-05-16,133.4600067138672,134.22500610351562,132.35000610351562,133.83999633789062,131.92236328125,258500.0
2018-05-17,133.5500030517578,134.36000061035156,133.36000061035156,133.72999572753906,131.81393432617188,176400.0
2018-05-18,133.16000366210938,133.38999938964844,132.30999755859375,132.52999877929688,130.63113403320312,211100.0
2018-05-21,134.5,135.0,133.47000122070312,134.07000732421875,132.14907836914062,250200.0
2018-05-22,133.91000366210938,134.24000549316406,132.36000061035156,132.4600067138672,130.56214904785156,179600.0
2018-05-23,130.67999267578125,131.42999267578125,130.11000061035156,131.30999755859375,129.42861938476562,229000.0
2018-05-24,130.5399932861328,131.77000427246094,130.33999633789062,131.44000244140625,129.5567626953125,181200.0
2018-05-25,131.1300048828125,131.9600067138672,129.88999938964844,131.19000244140625,129.31033325195312,212700.0
2018-05-29,127.80999755859375,129.11000061035156,125.94999694824219,127.0199966430664,125.20008087158203,836300.0
2018-05-30,129.6199951171875,130.99000549316406,128.80999755859375,130.25,128.38380432128906,407100.0
2018-05-31,130.3800048828125,131.97999572753906,129.56500244140625,131.35000610351562,129.46804809570312,266500.0
2018-06-01,133.66000366210938,133.80999755859375,131.44000244140625,132.89999389648438,130.99581909179688,287000.0
2018-06-04,132.61000061035156,132.8699951171875,131.9149932861328,132.25,130.3551483154297,267800.0
2018-06-05,135.83999633789062,137.46499633789062,135.38999938964844,136.49000549316406,134.53440856933594,434600.0
2018-06-06,136.97000122070312,139.5399932861328,136.9219970703125,139.4600067138672,137.46185302734375,306500.0
2018-06-07,138.24000549316406,138.89999389648438,136.10000610351562,136.4499969482422,134.49496459960938,285900.0
2018-06-08,136.22000122070312,136.57000732421875,135.22999572753906,136.3699951171875,134.41612243652344,175500.0
2018-06-11,138.74000549316406,139.69000244140625,138.55999755859375,139.0800018310547,137.08729553222656,431300.0
2018-06-12,140.5800018310547,140.89999389648438,139.44500732421875,140.63999938964844,138.62493896484375,516900.0
2018-06-13,142.58999633789062,145.07000732421875,142.3800048828125,143.9600067138672,141.8973846435547,702700.0
2018-06-14,148.0800018310547,149.5800018310547,147.27000427246094,149.3300018310547,147.1904296875,791900.0
2018-06-15,149.85000610351562,149.85000610351562,148.25,148.89999389648438,146.76658630371094,368200.0
2018-06-18,146.4499969482422,148.32000732421875,146.2899932861328,147.80999755859375,145.6922149658203,306500.0
2018-06-19,145.35000610351562,146.27999877929688,144.7550048828125,145.4499969482422,143.36602783203125,424500.0
2018-06-20,144.47999572753906,145.10000610351562,143.00999450683594,143.2100067138672,141.1581268310547,325800.0
2018-06-21,141.5500030517578,141.69000244140625,140.0,140.89999389648438,138.88121032714844,368200.0
2018-06-22,141.61000061035156,141.77000427246094,138.33999633789062,139.47999572753906,137.48155212402344,729500.0
2018-06-25,137.97999572753906,138.0,135.5,136.89999389648438,134.9385223388672,393000.0
2018-06-26,136.8699951171875,137.39999389648438,136.22000122070312,137.1300048828125,135.1652374267578,421000.0
2018-06-27,137.8000030517578,138.89999389648438,135.17999267578125,135.17999267578125,133.2431640625,356700.0
2018-06-28,131.8699951171875,135.25999450683594,131.6699981689453,135.0500030517578,133.1150360107422,551700.0
2018-06-29,135.61000061035156,136.80999755859375,134.72000122070312,135.00999450683594,133.0756072998047,398200.0
2018-07-02,132.77999877929688,135.1699981689453,132.66000366210938,135.14999389648438,133.21359252929688,326900.0
2018-07-03,134.57000732421875,134.92999267578125,133.8699951171875,133.94000244140625,132.02093505859375,219000.0
2018-07-05,135.9199981689453,136.16000366210938,134.5800018310547,135.94000244140625,133.99227905273438,284900.0
2018-07-06,135.16000366210938,135.52999877929688,134.2899932861328,135.36000061035156,133.42059326171875,239500.0
2018-07-09,136.02999877929688,136.4199981689453,134.83999633789062,136.3800048828125,134.4259796142578,229700.0
2018-07-10,138.3699951171875,138.38999938964844,137.1699981689453,137.6999969482422,135.72706604003906,284500.0
2018-07-11,136.0800018310547,137.0399932861328,135.77999877929688,136.2100067138672,134.2584228515625,236900.0
2018-07-12,137.36000061035156,139.77000427246094,137.1300048828125,139.66000366210938,137.65899658203125,334200.0
2018-07-13,143.25,143.6999969482422,141.88999938964844,142.50999450683594,140.4681396484375,434000.0
2018-07-16,142.0,142.07000732421875,140.94000244140625,142.0,139.9654541015625,315100.0
2018-07-17,141.5800018310547,144.8300018310547,141.08999633789062,143.67999267578125,141.62136840820312,270900.0
2018-07-18,142.72000122070312,143.22000122070312,142.41000366210938,143.02999877929688,140.98069763183594,152000.0
2018-07-19,142.2100067138672,143.08999633789062,140.9149932861328,142.52000427246094,140.47801208496094,332300.0
2018-07-20,140.02000427246094,140.6999969482422,139.86000061035156,140.0,137.99411010742188,499800.0
2018-07-23,132.5,137.0,132.4499969482422,136.49000549316406,134.53440856933594,2595200.0
2018-07-24,134.4600067138672,135.02999877929688,133.02999877929688,133.25,131.3408203125,1279900.0
2018-07-25,132.08999633789062,136.3000030517578,130.1199951171875,134.52000427246094,132.59263610839844,2319700.0
2018-07-26,132.50999450683594,133.9600067138672,131.3699951171875,131.6300048828125,129.74403381347656,926000.0
2018-07-27,131.17999267578125,131.99000549316406,130.44000244140625,131.60000610351562,129.71446228027344,546000.0
2018-07-30,131.5399932861328,131.55999755859375,129.89999389648438,130.5,128.63021850585938,866100.0
2018-07-31,132.55999755859375,133.86000061035156,132.38999938964844,132.6199951171875,130.7198486328125,1016100.0
2018-08-01,134.77000427246094,135.39999389648438,116.54000091552734,118.0,116.30931854248047,6443500.0
2018-08-02,122.48999786376953,128.25,121.6449966430664,126.18000030517578,124.37212371826172,3651300.0
2018-08-03,130.85000610351562,131.05499267578125,123.5,124.83999633789062,123.05131530761719,2837500.0
2018-08-06,123.6500015258789,124.30000305175781,122.76000213623047,123.98999786376953,122.21349334716797,797000.0
2018-08-07,125.83999633789062,125.83999633789062,123.94999694824219,125.12999725341797,123.33716583251953,732600.0
2018-08-08,126.01000213623047,126.63999938964844,125.55500030517578,125.83999633789062,124.0369873046875,573000.0
2018-08-09,125.94999694824219,126.06999969482422,123.62999725341797,123.83000183105469,122.05579376220703,642000.0
2018-08-10,120.18000030517578,121.0999984741211,119.65499877929688,120.62999725341797,118.90164184570312,931900.0
2018-08-13,121.33000183105469,122.2300033569336,120.77999877929688,122.0,120.25200653076172,485900.0
2018-08-14,121.75,121.75,120.62999725341797,121.0,119.2663345336914,773300.0
2018-08-15,120.56999969482422,120.56999969482422,118.91999816894531,119.2300033569336,117.5217056274414,1148200.0
2018-08-16,120.2699966430664,120.91000366210938,119.7300033569336,120.5,118.77349853515625,787200.0
2018-08-17,119.51000213623047,120.90499877929688,119.23999786376953,120.80000305175781,119.06920623779297,394100.0
2018-08-20,121.52999877929688,123.37999725341797,121.52999877929688,123.3499984741211,121.5826644897461,684100.0
2018-08-21,124.87000274658203,126.56999969482422,124.5,126.33000183105469,124.51997375488281,889400.0
2018-08-22,126.95999908447266,127.2300033569336,124.73999786376953,125.08999633789062,123.2977294921875,692000.0
2018-08-23,124.62999725341797,126.18000030517578,124.2699966430664,124.79000091552734,123.00203704833984,554800.0
2018-08-24,126.26000213623047,128.1300048828125,126.26000213623047,127.5199966430664,125.69291687011719,486500.0
2018-08-27,127.26000213623047,128.64999389648438,127.22000122070312,128.1999969482422,126.36317443847656,362400.0
2018-08-28,129.5500030517578,130.42999267578125,128.76499938964844,130.0399932861328,128.1768035888672,771600.0
2018-08-29,132.66000366210938,134.66000366210938,132.09500122070312,134.1999969482422,132.27720642089844,952900.0
2018-08-30,134.5399932861328,134.61000061035156,131.81500244140625,132.92999267578125,131.02540588378906,876400.0
2018-08-31,132.88999938964844,132.88999938964844,129.9199981689453,131.08999633789062,129.21176147460938,526900.0
2018-09-04,130.05999755859375,130.05999755859375,127.8499984741211,128.5800018310547,126.73773956298828,1121700.0
2018-09-05,127.62999725341797,127.86000061035156,125.91000366210938,127.11000061035156,125.2887954711914,768000.0
2018-09-06,126.05000305175781,127.29000091552734,126.05000305175781,126.43000030517578,124.61853790283203,439600.0
2018-09-07,126.19999694824219,128.0,125.95999908447266,126.86000061035156,125.0423812866211,294300.0
2018-09-10,127.41000366210938,127.66999816894531,126.08000183105469,126.73999786376953,124.9240951538086,401100.0
2018-09-11,125.69999694824219,130.36000061035156,125.25,129.5399932861328,127.68397521972656,706800.0
2018-09-12,131.24000549316406,133.22999572753906,130.5399932861328,132.7899932861328,130.8874053955078,711600.0
2018-09-13,133.72999572753906,134.75,133.02999877929688,133.4499969482422,131.53794860839844,592000.0
2018-09-14,133.10000610351562,134.3000030517578,131.47000122070312,132.13999938964844,130.24671936035156,672600.0
2018-09-17,133.27999877929688,133.77999877929688,131.77000427246094,132.8000030517578,130.8972625732422,740000.0
2018-09-18,133.11000061035156,138.58999633789062,132.8000030517578,138.32000732421875,136.33819580078125,1931700.0
2018-09-19,136.89999389648438,137.41000366210938,134.7100067138672,135.80999755859375,133.86415100097656,975500.0
2018-09-20,135.8699951171875,138.08999633789062,135.72000122070312,137.2899932861328,135.3229217529297,639700.0
2018-09-21,137.2899932861328,137.9199981689453,136.17999267578125,137.47000122070312,135.5003662109375,406300.0
2018-09-24,137.47000122070312,139.38999938964844,137.19000244140625,139.0,137.00843811035156,422900.0
2018-09-25,140.02000427246094,140.3000030517578,138.4499969482422,139.0399932861328,137.0478515625,595400.0
2018-09-26,139.83999633789062,142.52000427246094,139.77999877929688,140.7899932861328,138.7727813720703,569800.0
2018-09-27,140.9600067138672,141.47000122070312,139.99000549316406,140.19000244140625,138.18138122558594,637900.0
2018-09-28,137.25999450683594,139.1199951171875,136.4600067138672,136.91000366210938,134.94839477539062,721200.0
2018-10-01,139.6699981689453,139.80999755859375,137.14999389648438,137.77000427246094,135.7960662841797,435700.0
2018-10-02,137.22000122070312,138.2100067138672,136.27999877929688,137.57000732421875,135.59893798828125,681900.0
2018-10-03,137.3699951171875,138.17300415039062,135.6199951171875,135.80999755859375,133.86415100097656,392700.0
2018-10-04,136.27000427246094,136.38999938964844,131.3800048828125,133.05999755859375,131.15354919433594,794600.0
2018-10-05,131.7100067138672,133.44000244140625,131.5500030517578,132.27999877929688,130.3847198486328,506100.0
2018-10-08,128.80999755859375,130.10000610351562,128.30499267578125,129.67999267578125,127.82196044921875,886900.0
2018-10-09,127.94999694824219,129.60000610351562,127.37999725341797,128.9499969482422,127.10242462158203,533600.0
2018-10-10,123.77999877929688,124.80999755859375,117.62999725341797,117.62999725341797,115.94461822509766,1773500.0
2018-10-11,117.44999694824219,118.05999755859375,114.75,115.54000091552734,113.88456726074219,1526500.0
2018-10-12,117.62000274658203,118.30999755859375,114.58000183105469,116.30000305175781,114.63368225097656,741600.0
2018-10-15,114.68000030517578,116.08000183105469,114.37000274658203,115.01000213623047,113.36216735839844,650500.0
2018-10-16,122.80000305175781,123.05999755859375,121.54000091552734,121.75,120.0055923461914,1402300.0
2018-10-17,119.4800033569336,119.62999725341797,117.5999984741211,118.93000030517578,117.22599792480469,940800.0
2018-10-18,116.44999694824219,116.70999908447266,113.93000030517578,114.25,112.61305236816406,782200.0
2018-10-19,115.91999816894531,117.93000030517578,115.76000213623047,116.51000213623047,114.8406753540039,714200.0
2018-10-22,115.22000122070312,116.61000061035156,114.55999755859375,116.27999877929688,114.61396026611328,419300.0
2018-10-23,112.97000122070312,116.05000305175781,112.33000183105469,115.27999877929688,113.62828826904297,1541800.0
2018-10-24,113.41999816894531,113.94999694824219,111.71299743652344,111.79000091552734,110.18830108642578,1187400.0
2018-10-25,114.11000061035156,116.62000274658203,112.9000015258789,115.37999725341797,113.72685241699219,484700.0
2018-10-26,113.29000091552734,117.5199966430664,112.97000122070312,116.16999816894531,114.50553894042969,904900.0
2018-10-29,117.77999877929688,118.44999694824219,113.55999755859375,115.0199966430664,113.37201690673828,732200.0
2018-10-30,114.91999816894531,116.37000274658203,114.4000015258789,116.27999877929688,114.61396026611328,394300.0
2018-10-31,117.79000091552734,119.0,116.63999938964844,117.11000061035156,115.43207550048828,435800.0
2018-11-01,120.02999877929688,120.4000015258789,118.12999725341797,119.9800033569336,118.26095581054688,1091200.0
2018-11-02,120.23999786376953,120.9489974975586,117.19000244140625,119.52999877929688,117.8174057006836,679500.0
2018-11-05,116.41999816894531,118.77999877929688,115.80999755859375,117.58000183105469,115.89533996582031,1797100.0
2018-11-06,115.47000122070312,116.37000274658203,114.86900329589844,115.98999786376953,114.32811737060547,785000.0
2018-11-07,115.94000244140625,116.93000030517578,115.63999938964844,116.06999969482422,114.40697479248047,775900.0
2018-11-08,115.94999694824219,116.70999908447266,113.58999633789062,114.19999694824219,112.56376647949219,579400.0
2018-11-09,111.75,112.36000061035156,108.83100128173828,110.06999969482422,108.4929428100586,1458500.0
2018-11-12,108.58999633789062,108.76000213623047,106.26000213623047,106.41999816894531,104.8952407836914,742200.0
2018-11-13,108.91999816894531,111.58999633789062,108.7699966430664,109.61000061035156,108.0395278930664,579000.0
2018-11-14,112.56999969482422,113.13999938964844,110.05999755859375,110.80000305175781,109.21248626708984,428700.0
2018-11-15,109.75,112.36000061035156,108.70999908447266,111.80000305175781,110.19815826416016,446800.0
2018-11-16,110.31999969482422,111.45999908447266,110.0469970703125,110.73999786376953,109.1533432006836,174900.0
2018-11-19,110.5,110.54000091552734,108.63999938964844,108.81999969482422,107.26084899902344,357900.0
2018-11-20,105.76000213623047,107.04000091552734,104.97000122070312,105.23999786376953,103.73213958740234,630000.0
2018-11-21,105.4000015258789,107.79000091552734,105.37999725341797,106.7300033569336,105.20079803466797,293400.0
2018-11-23,106.70999908447266,107.66000366210938,106.66000366210938,106.66000366210938,105.13179779052734,180700.0
2018-11-26,107.98999786376953,109.38999938964844,107.79000091552734,109.22000122070312,107.65512084960938,301500.0
2018-11-27,106.98999786376953,107.29000091552734,103.9800033569336,104.7699966430664,103.26887512207031,1069600.0
2018-11-28,102.63999938964844,108.41000366210938,102.37000274658203,108.33000183105469,106.77787017822266,1035600.0
2018-11-29,108.2699966430664,109.83000183105469,108.05999755859375,109.20999908447266,107.64525604248047,541200.0
2018-11-30,108.5,110.01000213623047,108.41999816894531,109.5999984741211,108.02967071533203,563500.0
2018-12-03,111.80999755859375,112.5,111.08000183105469,111.68000030517578,110.07987213134766,493400.0
2018-12-04,111.5999984741211,112.0,108.08000183105469,108.37000274658203,106.81729888916016,520800.0
2018-12-06,106.22000122070312,107.63999938964844,105.30999755859375,107.52999877929688,105.98933410644531,556900.0
2018-12-07,108.30999755859375,109.18000030517578,104.26000213623047,104.83999633789062,103.3378677368164,395400.0
2018-12-10,105.23999786376953,106.1500015258789,104.02999877929688,104.93000030517578,103.42658233642578,365200.0
2018-12-11,107.52999877929688,107.56500244140625,104.58000183105469,104.95999908447266,103.4561538696289,278800.0
2018-12-12,105.9000015258789,106.79000091552734,105.36000061035156,105.41999816894531,103.9095687866211,526900.0
2018-12-13,105.80999755859375,105.93000030517578,103.75,104.0999984741211,102.60847473144531,483400.0
2018-12-14,102.12000274658203,102.83000183105469,101.0999984741211,101.48999786376953,100.0358657836914,622800.0
2018-12-17,100.79000091552734,101.70999908447266,99.48500061035156,99.94000244140625,98.5080795288086,653900.0
2018-12-18,101.76000213623047,102.22000122070312,100.76000213623047,100.80000305175781,99.35576629638672,545300.0
2018-12-19,104.19000244140625,106.29000091552734,101.83999633789062,102.43000030517578,100.96240234375,810300.0
2018-12-20,103.11000061035156,103.63999938964844,100.38999938964844,101.5199966430664,100.06544494628906,593100.0
2018-12-21,100.9800033569336,101.3499984741211,97.80000305175781,98.16000366210938,96.75358581542969,427400.0
2018-12-24,97.4000015258789,97.87300109863281,95.79000091552734,95.95999908447266,94.5851058959961,276400.0
2018-12-26,95.88999938964844,98.37000274658203,93.8499984741211,98.29000091552734,96.88172149658203,666300.0
2018-12-27,96.30999755859375,99.76000213623047,96.05999755859375,99.75,98.32080841064453,396500.0
2018-12-28,99.44999694824219,99.81999969482422,98.05999755859375,98.4000015258789,96.99015045166016,397900.0
2018-12-31,99.55999755859375,99.94000244140625,97.73300170898438,99.44000244140625,98.01524353027344,305800.0
2019-01-02,98.0999984741211,99.20999908447266,97.61000061035156,98.69999694824219,97.28585052490234,293100.0
2019-01-03,98.8499984741211,98.88999938964844,96.62000274658203,96.9800033569336,95.59049987792969,450400.0
2019-01-04,100.2300033569336,102.77999877929688,99.26000213623047,102.2300033569336,100.76527404785156,524200.0
2019-01-07,103.31999969482422,105.7300033569336,102.94999694824219,104.4800033569336,102.98303985595703,427500.0
2019-01-08,107.62000274658203,109.25,107.4000015258789,108.58000183105469,107.0242919921875,762200.0
2019-01-09,112.16000366210938,113.03500366210938,111.13999938964844,111.19000244140625,109.5969009399414,490600.0
2019-01-10,109.87000274658203,111.29000091552734,109.41000366210938,110.79000091552734,109.20262908935547,298400.0
2019-01-11,111.73999786376953,111.75,110.41000366210938,110.83999633789062,109.25190734863281,250600.0
2019-01-14,110.61000061035156,111.38999938964844,110.12000274658203,110.87999725341797,109.29132843017578,225800.0
2019-01-15,112.55000305175781,112.83999633789062,111.4000015258789,112.37000274658203,110.7599868774414,327100.0
2019-01-16,111.9000015258789,113.91999816894531,111.80999755859375,113.12999725341797,111.50909423828125,329800.0
2019-01-17,113.55999755859375,114.73699951171875,112.96499633789062,113.70999908447266,112.0807876586914,278900.0
2019-01-18,114.26000213623047,114.4800033569336,112.72000122070312,113.29000091552734,111.66680908203125,372300.0
2019-01-22,112.2300033569336,112.61000061035156,110.58999633789062,111.69000244140625,110.08973693847656,276200.0
2019-01-23,111.20999908447266,111.62999725341797,109.48999786376953,110.19999694824219,108.62107849121094,340100.0
2019-01-24,110.94999694824219,112.47000122070312,110.77999877929688,112.38999938964844,110.77970123291016,303100.0
2019-01-25,111.97000122070312,112.19000244140625,111.05000305175781,111.23999786376953,109.64617919921875,339300.0
2019-01-28,110.11000061035156,110.44999694824219,108.83999633789062,110.41999816894531,108.83792877197266,329000.0
2019-01-29,110.79000091552734,111.04000091552734,109.7699966430664,110.55000305175781,108.966064453125,437600.0
2019-01-30,110.80999755859375,112.94000244140625,110.41000366210938,112.69000244140625,111.07540893554688,707300.0
2019-01-31,116.04000091552734,127.06999969482422,116.04000091552734,126.30000305175781,124.49040985107422,2257500.0
2019-02-01,126.06999969482422,127.55000305175781,125.8550033569336,127.12999725341797,125.30850982666016,1079100.0
2019-02-04,126.01000213623047,127.22000122070312,125.79000091552734,127.22000122070312,125.397216796875,415500.0
2019-02-05,127.97000122070312,128.1699981689453,127.0199966430664,127.27999877929688,125.45635986328125,464400.0
2019-02-06,127.02999877929688,127.6500015258789,126.75,126.95999908447266,125.14094543457031,191400.0
2019-02-07,123.37000274658203,124.77999877929688,123.03199768066406,124.58999633789062,122.80489349365234,385500.0
2019-02-08,123.19999694824219,124.31999969482422,122.77999877929688,124.27999877929688,122.49934387207031,396600.0
2019-02-11,123.26000213623047,123.97000122070312,123.2300033569336,123.5,121.73052215576172,332800.0
2019-02-12,124.0999984741211,126.68499755859375,124.0999984741211,126.44000244140625,124.6283950805664,745200.0
2019-02-13,125.80999755859375,126.1500015258789,124.95999908447266,125.25,123.45545196533203,320300.0
2019-02-14,124.5,125.51000213623047,124.16000366210938,125.05999755859375,123.2681655883789,313700.0
2019-02-15,125.68000030517578,126.4000015258789,125.3010025024414,125.9800033569336,124.17498779296875,430000.0
2019-02-19,125.73999786376953,126.91000366210938,125.7300033569336,126.37000274658203,124.55939483642578,155100.0
2019-02-20,126.31999969482422,126.73999786376953,125.56999969482422,125.7699966430664,123.96798706054688,221400.0
2019-02-21,125.5999984741211,126.7300033569336,125.52999877929688,126.30000305175781,124.49040985107422,188200.0
2019-02-22,126.25,126.58999633789062,125.6500015258789,126.02999877929688,124.2242660522461,325600.0
2019-02-25,127.12999725341797,128.27000427246094,126.7699966430664,128.0399932861328,126.20545959472656,441900.0
2019-02-26,128.07000732421875,129.72799682617188,128.02999877929688,129.0500030517578,127.20101165771484,275300.0
2019-02-27,128.58999633789062,129.11000061035156,127.71900177001953,128.6699981689453,126.8264389038086,271600.0
2019-02-28,128.1300048828125,128.86000061035156,128.02999877929688,128.25999450683594,126.42230987548828,261600.0
2019-03-01,130.2899932861328,131.9199981689453,129.9199981689453,131.8000030517578,129.91159057617188,452000.0
2019-03-04,131.8000030517578,132.16000366210938,130.02999877929688,130.8000030517578,128.92591857910156,412000.0
2019-03-05,130.50999450683594,131.85000610351562,130.38800048828125,131.75999450683594,129.87217712402344,239500.0
2019-03-06,130.44000244140625,130.60699462890625,129.27200317382812,130.11000061035156,128.24581909179688,272900.0
2019-03-07,128.49000549316406,129.05999755859375,127.25,128.32000732421875,126.48146057128906,463000.0
2019-03-08,127.01000213623047,128.99000549316406,126.81999969482422,128.8800048828125,127.03343963623047,250800.0
2019-03-11,128.72000122070312,130.8800048828125,128.52999877929688,130.75999450683594,128.88650512695312,328900.0
2019-03-12,130.22999572753906,130.7100067138672,129.82000732421875,130.19000244140625,128.3246612548828,170300.0
2019-03-13,130.72999572753906,130.8800048828125,129.0800018310547,130.0500030517578,128.18667602539062,440500.0
2019-03-14,130.66000366210938,131.25,129.86000061035156,131.19000244140625,129.31033325195312,261200.0
2019-03-15,132.0,132.1999969482422,131.6199951171875,131.77999877929688,129.89187622070312,252900.0
2019-03-18,131.66000366210938,132.4550018310547,131.4499969482422,132.27999877929688,130.3847198486328,221100.0
2019-03-19,132.42999267578125,132.6999969482422,131.4600067138672,131.61000061035156,129.7243194580078,213000.0
2019-03-20,132.88999938964844,132.88999938964844,131.0,131.75,129.8623046875,306500.0
2019-03-21,131.8800048828125,132.6179962158203,131.58999633789062,132.38999938964844,130.49313354492188,167500.0
2019-03-22,131.0500030517578,131.33999633789062,128.5,128.64999389648438,126.80672454833984,411900.0
2019-03-25,129.9199981689453,131.2899932861328,129.17999267578125,131.1199951171875,129.2413330078125,232900.0
2019-03-26,132.0,133.33999633789062,131.76499938964844,132.9600067138672,131.05499267578125,305500.0
2019-03-27,133.88999938964844,134.52999877929688,132.24000549316406,132.77999877929688,130.87754821777344,386100.0
2019-03-28,132.97000122070312,133.63999938964844,132.22500610351562,133.0500030517578,131.14369201660156,354900.0
2019-03-29,133.7899932861328,134.74000549316406,133.2100067138672,133.8000030517578,131.8829345703125,344200.0
2019-04-01,135.74000549316406,136.6699981689453,134.6999969482422,135.0500030517578,133.1150360107422,554200.0
2019-04-02,135.1699981689453,136.3300018310547,134.8300018310547,135.97000122070312,134.0218505859375,282000.0
2019-04-03,136.64999389648438,137.25999450683594,136.0,136.17999267578125,134.2288360595703,243000.0
2019-04-04,136.80999755859375,136.9499969482422,135.75999450683594,136.47000122070312,134.5146942138672,347300.0
2019-04-05,137.49000549316406,138.0,136.50999450683594,136.94000244140625,134.9779510498047,255400.0
2019-04-08,137.1199951171875,137.35000610351562,136.3800048828125,137.1300048828125,135.1652374267578,516600.0
2019-04-09,136.27999877929688,136.8249969482422,135.7899932861328,136.44000244140625,134.48512268066406,184800.0
2019-04-10,135.80999755859375,137.1300048828125,135.58999633789062,136.50999450683594,134.55410766601562,207500.0
2019-04-11,136.91000366210938,137.36000061035156,136.49000549316406,137.25999450683594,135.29336547851562,189100.0
2019-04-12,138.86000061035156,139.07000732421875,138.17999267578125,138.57000732421875,136.58460998535156,292200.0
2019-04-15,138.0,138.0,136.00999450683594,137.02999877929688,135.06666564941406,270400.0
2019-04-16,136.0500030517578,138.35000610351562,135.9600067138672,138.08999633789062,136.11146545410156,325100.0
2019-04-17,136.88999938964844,138.24000549316406,136.5,137.69000244140625,135.7172088623047,484100.0
2019-04-18,137.33999633789062,140.32000732421875,137.24000549316406,139.91000366210938,137.90541076660156,534900.0
2019-04-22,139.91000366210938,140.9600067138672,139.3800048828125,139.64999389648438,137.6491241455078,581500.0
2019-04-23,137.64999389648438,139.4199981689453,137.4499969482422,138.9600067138672,137.98675537109375,622600.0
2019-04-24,137.27000427246094,137.75,136.4499969482422,136.47999572753906,135.52410888671875,450000.0
2019-04-25,135.49000549316406,136.19000244140625,135.00999450683594,135.55999755859375,134.6105499267578,237200.0
2019-04-26,134.77000427246094,135.5,134.47000122070312,135.39999389648438,134.45167541503906,273100.0
2019-04-29,134.57000732421875,136.0050048828125,134.15499877929688,135.52000427246094,134.5708465576172,691500.0
2019-04-30,136.0399932861328,136.18499755859375,134.90499877929688,136.02999877929688,135.0772705078125,210500.0
2019-05-01,136.13999938964844,136.30999755859375,134.4499969482422,134.60000610351562,133.65728759765625,165100.0
2019-05-02,134.82000732421875,135.3000030517578,133.69500732421875,134.72999572753906,133.78636169433594,304300.0
2019-05-03,133.92999267578125,135.11000061035156,133.92999267578125,134.13999938964844,133.20050048828125,264900.0
2019-05-06,130.25,133.1300048828125,129.4600067138672,132.3300018310547,131.40318298339844,837900.0
2019-05-07,138.30999755859375,139.07000732421875,136.75,137.6999969482422,136.73556518554688,862200.0
2019-05-08,138.50999450683594,142.14999389648438,138.1199951171875,141.0399932861328,140.0521697998047,1554100.0
2019-05-09,141.30999755859375,142.0399932861328,139.44000244140625,141.16000366210938,140.1713409423828,772600.0
2019-05-10,141.42999267578125,142.02999877929688,139.51499938964844,141.3300018310547,140.34014892578125,1197200.0
2019-05-13,137.77000427246094,139.0399932861328,137.3699951171875,138.67999267578125,137.7086944580078,288900.0
2019-05-14,140.55999755859375,142.14999389648438,140.31500244140625,140.94000244140625,139.952880859375,958100.0
2019-05-15,138.77000427246094,144.5399932861328,138.44000244140625,143.63999938964844,142.63397216796875,528400.0
2019-05-16,143.0399932861328,144.6199951171875,142.75,143.66000366210938,142.65382385253906,1008900.0
2019-05-17,142.94000244140625,143.9499969482422,142.04600524902344,142.3800048828125,141.38279724121094,262600.0
2019-05-20,141.67999267578125,142.24000549316406,140.57000732421875,141.5399932861328,140.54867553710938,657000.0
2019-05-21,142.80999755859375,143.97999572753906,142.0,143.86000061035156,142.85243225097656,447600.0
2019-05-22,142.7100067138672,143.6999969482422,142.4600067138672,142.8699951171875,141.86935424804688,350300.0
2019-05-23,142.39999389648438,142.55999755859375,140.99000549316406,142.3300018310547,141.33314514160156,410100.0
2019-05-24,143.14999389648438,144.55999755859375,142.89999389648438,144.2899932861328,143.27940368652344,450900.0
2019-05-28,143.00999450683594,145.1300048828125,143.00999450683594,144.52000427246094,143.5078125,473800.0
2019-05-29,141.6999969482422,143.25,140.97000122070312,143.07000732421875,142.06796264648438,583000.0
2019-05-30,142.1699981689453,143.0800018310547,142.0800018310547,143.0,141.99844360351562,330800.0
2019-05-31,140.47000122070312,143.4199981689453,140.10499572753906,143.02000427246094,142.018310546875,635800.0
2019-06-03,142.00999450683594,143.0500030517578,140.9499969482422,141.97000122070312,140.9756622314453,765600.0
2019-06-04,142.41000366210938,144.14999389648438,141.9199981689453,143.0399932861328,142.0381622314453,624400.0
2019-06-05,144.47999572753906,145.42999267578125,143.80999755859375,144.86000061035156,143.84542846679688,485100.0
2019-06-06,146.38999938964844,148.7100067138672,146.1300048828125,148.47999572753906,147.4400634765625,330100.0
2019-06-07,150.17999267578125,151.33999633789062,149.94000244140625,150.33999633789062,149.2870330810547,409500.0
2019-06-10,150.8000030517578,154.1699981689453,150.5500030517578,153.83999633789062,152.7625274658203,647500.0
2019-06-11,155.30999755859375,155.5399932861328,153.75,154.72000122070312,153.63636779785156,526600.0
2019-06-12,154.74000549316406,155.5399932861328,154.47000122070312,154.6300048828125,153.5469970703125,318300.0
2019-06-13,154.0399932861328,154.47999572753906,153.69000244140625,154.0500030517578,152.97105407714844,281600.0
2019-06-14,153.22000122070312,153.31300354003906,152.28500366210938,152.86000061035156,151.78939819335938,196200.0
2019-06-17,153.4600067138672,154.57000732421875,153.4499969482422,154.13999938964844,153.0604248046875,222600.0
2019-06-18,156.5800018310547,158.52000427246094,156.4199981689453,158.2100067138672,157.1019287109375,289800.0
2019-06-19,156.85000610351562,158.4499969482422,155.8699951171875,157.8300018310547,156.72457885742188,335100.0
2019-06-20,162.0500030517578,163.63999938964844,160.58999633789062,161.16000366210938,160.03126525878906,659800.0
2019-06-21,161.19000244140625,162.35400390625,161.0,162.2100067138672,161.07391357421875,369100.0
2019-06-24,162.8699951171875,163.5,162.10000610351562,162.2100067138672,161.07391357421875,427600.0
2019-06-25,161.4499969482422,162.24000549316406,159.1199951171875,159.74000549316406,158.6212158203125,465600.0
2019-06-26,159.6999969482422,160.27999877929688,158.75999450683594,159.5,158.3828887939453,403200.0
2019-06-27,158.9600067138672,161.0,158.94000244140625,160.86000061035156,159.73336791992188,229000.0
2019-06-28,161.32000732421875,162.61000061035156,161.1999969482422,161.4199981689453,160.28944396972656,191200.0
2019-07-01,162.57000732421875,163.52999877929688,162.5,163.19000244140625,162.0470428466797,292500.0
2019-07-02,164.82000732421875,165.1999969482422,164.3699951171875,165.1199951171875,163.96351623535156,269600.0
2019-07-03,168.17999267578125,169.47999572753906,167.16000366210938,167.50999450683594,166.33677673339844,338100.0
2019-07-05,165.55999755859375,165.98399353027344,164.64999389648438,165.61000061035156,164.45008850097656,378300.0
2019-07-08,166.17999267578125,166.5,165.66000366210938,165.85000610351562,164.68841552734375,315300.0
2019-07-09,165.27999877929688,165.7100067138672,165.0,165.63999938964844,164.47988891601562,240000.0
2019-07-10,167.07000732421875,167.52000427246094,166.61000061035156,167.0,165.83035278320312,215300.0
2019-07-11,166.6999969482422,167.00799560546875,166.11000061035156,166.42999267578125,165.26434326171875,242100.0
2019-07-12,167.0399932861328,167.5,166.07000732421875,166.50999450683594,165.34378051757812,245300.0
2019-07-15,168.08999633789062,168.77000427246094,167.8300018310547,168.47000122070312,167.29006958007812,346100.0
2019-07-16,170.07000732421875,170.5399932861328,169.00999450683594,169.1199951171875,167.9355010986328,441700.0
2019-07-17,169.50999450683594,170.24000549316406,168.72000122070312,168.75,167.56809997558594,302800.0
2019-07-18,168.6999969482422,169.4600067138672,167.2469940185547,168.6999969482422,167.51844787597656,412800.0
2019-07-19,167.44000244140625,168.25,166.36000061035156,166.5,165.3338623046875,336000.0
2019-07-22,167.19000244140625,168.1999969482422,167.0,167.10000610351562,165.92965698242188,417700.0
2019-07-23,168.52999877929688,168.77000427246094,167.77999877929688,168.42999267578125,167.25033569335938,254900.0
2019-07-24,168.13999938964844,168.6199951171875,166.72000122070312,167.50999450683594,166.33677673339844,522000.0
2019-07-25,167.25,167.3800048828125,164.72500610351562,166.27000427246094,165.10546875,262800.0
2019-07-26,165.5500030517578,166.2100067138672,165.27000427246094,165.85000610351562,164.68841552734375,248000.0
2019-07-29,165.0500030517578,165.22000122070312,164.36000061035156,164.67999267578125,163.52659606933594,329000.0
2019-07-30,160.8300018310547,161.9499969482422,159.80999755859375,160.13999938964844,159.01840209960938,666200.0
2019-07-31,162.3000030517578,163.22999572753906,159.72999572753906,161.0800018310547,159.9518280029297,433800.0
2019-08-01,162.67999267578125,165.5399932861328,162.5500030517578,163.0,161.85836791992188,422800.0
2019-08-02,161.67999267578125,162.50999450683594,158.60000610351562,159.47999572753906,158.36302185058594,805300.0
2019-08-05,158.97999572753906,159.25999450683594,155.50999450683594,156.77999877929688,155.6819305419922,441400.0
2019-08-06,157.0,157.5800018310547,154.5800018310547,156.58999633789062,155.49327087402344,537900.0
2019-08-07,155.35000610351562,158.3300018310547,155.0800018310547,158.11000061035156,157.00262451171875,394000.0
2019-08-08,158.5800018310547,160.8300018310547,158.2100067138672,160.10000610351562,158.9786834716797,332400.0
2019-08-09,159.0800018310547,159.52000427246094,156.73500061035156,158.8699951171875,157.75729370117188,429800.0
2019-08-12,158.13999938964844,159.6199951171875,157.5800018310547,158.02999877929688,156.92318725585938,182400.0
2019-08-13,158.52999877929688,161.50999450683594,158.2100067138672,160.82000732421875,159.6936492919922,263600.0
2019-08-14,159.0,159.61000061035156,155.0800018310547,155.89999389648438,154.80809020996094,425800.0
2019-08-15,155.7100067138672,156.1199951171875,154.08999633789062,155.32000732421875,154.232177734375,316200.0
2019-08-16,154.1300048828125,156.69000244140625,154.1300048828125,155.8300018310547,154.73858642578125,447700.0
2019-08-19,157.0,157.4499969482422,156.1300048828125,156.17999267578125,155.0861358642578,332400.0
2019-08-20,155.07000732421875,155.82000732421875,154.52999877929688,155.02999877929688,153.94419860839844,655800.0
2019-08-21,157.22000122070312,157.61000061035156,156.35000610351562,156.49000549316406,155.3939666748047,455100.0
2019-08-22,156.0500030517578,156.1999969482422,154.4499969482422,155.11000061035156,154.0236358642578,191900.0
2019-08-23,154.00999450683594,155.64999389648438,152.9199981689453,153.22000122070312,152.14686584472656,731700.0
2019-08-26,155.97999572753906,156.9600067138672,154.52999877929688,156.60000610351562,155.50320434570312,490000.0
2019-08-27,159.72000122070312,161.0500030517578,159.25999450683594,160.38999938964844,159.2666473388672,385900.0
2019-08-28,157.5399932861328,158.97500610351562,156.4499969482422,157.64999389648438,156.54583740234375,512000.0
2019-08-29,159.33999633789062,159.52000427246094,158.1699981689453,158.22000122070312,157.11184692382812,298900.0
2019-08-30,158.33999633789062,159.33999633789062,157.00999450683594,157.75,156.6451416015625,353100.0
2019-09-03,158.7100067138672,159.2899932861328,157.6199951171875,158.00999450683594,156.9033203125,397400.0
2019-09-04,160.5,161.1999969482422,159.83999633789062,159.99000549316406,158.8694610595703,454000.0
2019-09-05,163.0500030517578,163.35000610351562,161.47999572753906,161.8800048828125,160.7462158203125,411700.0
2019-09-06,163.9499969482422,164.3800048828125,162.89999389648438,163.11000061035156,161.9676055908203,279000.0
2019-09-09,164.47999572753906,164.47999572753906,160.38999938964844,160.74000549316406,159.6142120361328,418800.0
2019-09-10,154.1999969482422,154.69000244140625,149.6300048828125,151.0399932861328,149.9821319580078,1652300.0
2019-09-11,152.75,153.8800048828125,151.0500030517578,151.5500030517578,150.4885711669922,750800.0
2019-09-12,152.5500030517578,155.38999938964844,152.38999938964844,154.44000244140625,153.3583221435547,569600.0
2019-09-13,154.02999877929688,154.3000030517578,152.5800018310547,152.60000610351562,151.53121948242188,565600.0
2019-09-16,151.5,152.05999755859375,150.6999969482422,150.9600067138672,149.9027099609375,452700.0
2019-09-17,151.64999389648438,154.1300048828125,151.5,153.9600067138672,152.88169860839844,447900.0
2019-09-18,153.85000610351562,154.99000549316406,153.02000427246094,154.77999877929688,153.69593811035156,602700.0
2019-09-19,154.47999572753906,154.80999755859375,153.6199951171875,153.6199951171875,152.5440673828125,256800.0
2019-09-20,152.74000549316406,153.0290069580078,151.4199981689453,152.0800018310547,151.01486206054688,690400.0
2019-09-23,151.0500030517578,153.1699981689453,151.0500030517578,152.77000427246094,151.7000274658203,466800.0
2019-09-24,151.69000244140625,151.99000549316406,150.25999450683594,150.66000366210938,149.60479736328125,261300.0
2019-09-25,148.66000366210938,150.5800018310547,147.6699981689453,150.35000610351562,149.29698181152344,744600.0
2019-09-26,152.0,152.24000549316406,150.9199981689453,151.47999572753906,150.41905212402344,226500.0
2019-09-27,153.14999389648438,153.57000732421875,151.0800018310547,152.1199951171875,151.0545654296875,302800.0
2019-09-30,153.36000061035156,154.6699981689453,153.1300048828125,154.08999633789062,153.01077270507812,617000.0
2019-10-01,154.07000732421875,154.5500030517578,151.39999389648438,151.9600067138672,150.8957061767578,402600.0
2019-10-02,148.02999877929688,148.33999633789062,145.92999267578125,146.89999389648438,145.87112426757812,736000.0
2019-10-03,147.1199951171875,149.44000244140625,145.44000244140625,149.44000244140625,148.39334106445312,405800.0
2019-10-04,149.85000610351562,150.07000732421875,149.30999755859375,149.55999755859375,148.5124969482422,314700.0
2019-10-07,148.9499969482422,150.55999755859375,148.89999389648438,149.7899932861328,148.7408905029297,171700.0
2019-10-08,148.97999572753906,149.1999969482422,147.5189971923828,147.5399932861328,146.50665283203125,210500.0
2019-10-09,149.11000061035156,149.85000610351562,148.5399932861328,149.3000030517578,148.25433349609375,126900.0
2019-10-10,148.11000061035156,150.60000610351562,148.0,150.14999389648438,149.09837341308594,230700.0
2019-10-11,152.05999755859375,154.6199951171875,151.99000549316406,153.32000732421875,152.24618530273438,410100.0
2019-10-14,154.30999755859375,155.22000122070312,154.08999633789062,154.77000427246094,153.68601989746094,221900.0
2019-10-15,155.41000366210938,157.19000244140625,155.3699951171875,156.10000610351562,155.00669860839844,189600.0
2019-10-16,158.88999938964844,161.1840057373047,158.47999572753906,159.8699951171875,158.7502899169922,401300.0
2019-10-17,159.6999969482422,160.42999267578125,157.5800018310547,157.61000061035156,156.50611877441406,355400.0
2019-10-18,157.0,157.1199951171875,155.06300354003906,155.85000610351562,154.75845336914062,303200.0
2019-10-21,157.0500030517578,157.125,155.33999633789062,156.0500030517578,154.95704650878906,250200.0
2019-10-22,156.97999572753906,157.3300018310547,153.85000610351562,153.89999389648438,152.8220977783203,435900.0
2019-10-23,153.00999450683594,153.52499389648438,151.60000610351562,151.97000122070312,150.90562438964844,597500.0
2019-10-24,153.14999389648438,155.64999389648438,153.1199951171875,155.02999877929688,153.94419860839844,411500.0
2019-10-25,155.0,156.47999572753906,154.81500244140625,156.08999633789062,154.99676513671875,244900.0
2019-10-28,157.02000427246094,158.5399932861328,157.02000427246094,157.4499969482422,156.3472442626953,205700.0
2019-10-29,157.3699951171875,158.24000549316406,156.5800018310547,157.77999877929688,156.6749267578125,275700.0
2019-10-30,158.57000732421875,158.6199951171875,156.88999938964844,158.13999938964844,157.03240966796875,422600.0
2019-10-31,159.57000732421875,160.3300018310547,159.16000366210938,160.1199951171875,158.99853515625,447400.0
2019-11-01,160.52999877929688,162.07000732421875,160.52999877929688,161.3800048828125,160.24972534179688,397900.0
2019-11-04,171.89999389648438,172.88999938964844,169.35000610351562,169.99000549316406,168.79942321777344,1417300.0
2019-11-05,168.39999389648438,168.39999389648438,164.72000122070312,165.60000610351562,164.44017028808594,746700.0
2019-11-06,165.27000427246094,165.77499389648438,164.75999450683594,165.44000244140625,164.28128051757812,252900.0
2019-11-07,165.99000549316406,166.1999969482422,164.86000061035156,164.9600067138672,163.80465698242188,267000.0
2019-11-08,165.4600067138672,165.74000549316406,164.64999389648438,164.89999389648438,163.74505615234375,290200.0
2019-11-11,163.8000030517578,164.74000549316406,163.5399932861328,164.39999389648438,163.24856567382812,295400.0
2019-11-12,164.7100067138672,165.30999755859375,163.58999633789062,165.02000427246094,163.86422729492188,256100.0
2019-11-13,163.99000549316406,164.77999877929688,163.38999938964844,163.86000061035156,162.7123565673828,318900.0
2019-11-14,163.9499969482422,165.88999938964844,163.6199951171875,165.47000122070312,164.3110809326172,301700.0
2019-11-15,166.91000366210938,167.5,166.61000061035156,167.0,165.83035278320312,209600.0
2019-11-18,165.7100067138672,166.0,165.00999450683594,165.35000610351562,164.19192504882812,204500.0
2019-11-19,165.6999969482422,165.9600067138672,163.72999572753906,164.22000122070312,163.06982421875,241400.0
2019-11-20,166.00999450683594,166.35000610351562,163.64999389648438,164.41000366210938,163.2584991455078,260900.0
2019-11-21,165.77000427246094,166.2899932861328,165.27000427246094,165.41000366210938,164.25149536132812,293600.0
2019-11-22,166.4600067138672,166.5500030517578,164.82000732421875,165.25,164.09262084960938,173500.0
2019-11-25,166.64999389648438,167.77999877929688,166.27000427246094,167.66000366210938,166.48573303222656,238600.0
2019-11-26,168.4499969482422,170.2899932861328,168.33999633789062,170.0399932861328,168.84906005859375,314600.0
2019-11-27,170.77999877929688,171.39999389648438,170.4199981689453,170.8800048828125,169.6831817626953,174600.0
2019-11-29,168.52999877929688,169.4949951171875,168.07000732421875,168.27000427246094,167.09146118164062,147700.0
2019-12-02,167.19000244140625,167.27000427246094,164.1199951171875,165.11000061035156,163.95359802246094,384000.0
2019-12-03,167.17999267578125,168.07000732421875,166.1199951171875,168.02000427246094,166.8432159423828,440500.0
2019-12-04,168.86000061035156,169.1199951171875,167.42999267578125,167.6199951171875,166.44601440429688,201000.0
2019-12-05,168.42999267578125,168.6999969482422,166.73500061035156,166.94000244140625,165.77078247070312,319000.0
2019-12-06,167.58999633789062,167.88999938964844,165.8300018310547,166.1699981689453,165.00616455078125,165200.0
2019-12-09,163.8000030517578,164.67999267578125,163.22999572753906,163.67999267578125,162.53359985351562,279700.0
2019-12-10,165.02999877929688,165.85000610351562,164.38999938964844,164.83999633789062,163.68548583984375,147100.0
2019-12-11,165.2100067138672,165.99000549316406,164.92999267578125,165.22999572753906,164.07275390625,108600.0
2019-12-12,165.9499969482422,167.24000549316406,165.63499450683594,166.22000122070312,165.05581665039062,274800.0
2019-12-13,166.16000366210938,166.25,163.5500030517578,163.92999267578125,162.78184509277344,304700.0
2019-12-16,165.72000122070312,165.94000244140625,164.72999572753906,165.25,164.09262084960938,199900.0
2019-12-17,167.0,167.6199951171875,166.52999877929688,167.42999267578125,166.25733947753906,220800.0
2019-12-18,167.39999389648438,168.00999450683594,166.42999267578125,167.52999877929688,166.3566436767578,306500.0
2019-12-19,166.0,167.4499969482422,165.69000244140625,166.52000427246094,165.35372924804688,186400.0
2019-12-20,167.3000030517578,167.82000732421875,166.74000549316406,167.00999450683594,165.8402862548828,169000.0
2019-12-23,168.0,168.97999572753906,167.74000549316406,168.58999633789062,167.4092254638672,134300.0
2019-12-24,168.02999877929688,168.50999450683594,167.08999633789062,168.00999450683594,166.83328247070312,56500.0
2019-12-26,167.82000732421875,168.3000030517578,167.1199951171875,168.07000732421875,166.8928680419922,170300.0
2019-12-27,168.4499969482422,170.27499389648438,168.22999572753906,168.72000122070312,167.53831481933594,400300.0
2019-12-30,167.72000122070312,167.72000122070312,165.22000122070312,165.3000030517578,164.14227294921875,257400.0
2019-12-31,165.0,165.83999633789062,164.24000549316406,165.5399932861328,164.3805694580078,128200.0
2020-01-02,167.0500030517578,168.7740020751953,166.6300048828125,168.50999450683594,167.32977294921875,195800.0
2020-01-03,166.75999450683594,167.75,166.26800537109375,166.72999572753906,165.56224060058594,134600.0
2020-01-06,164.75999450683594,166.2899932861328,164.75999450683594,165.85000610351562,164.68841552734375,169900.0
2020-01-07,165.97999572753906,166.1199951171875,165.17999267578125,165.22000122070312,164.0628204345703,309300.0
2020-01-08,167.0399932861328,168.97000122070312,166.75,168.5399932861328,167.35955810546875,261400.0
2020-01-09,170.75999450683594,171.0,169.0,169.91000366210938,168.71998596191406,283500.0
2020-01-10,174.4199981689453,174.52000427246094,170.3300018310547,171.30999755859375,170.11016845703125,602200.0
2020-01-13,172.7100067138672,174.2899932861328,172.16000366210938,174.2899932861328,173.0692901611328,375600.0
2020-01-14,173.6699981689453,174.0749969482422,171.1999969482422,171.5500030517578,170.34849548339844,483700.0
2020-01-15,172.9600067138672,173.3249969482422,171.8300018310547,172.5800018310547,171.37127685546875,983400.0
2020-01-16,172.5800018310547,173.41000366210938,170.5749969482422,173.41000366210938,172.19546508789062,495300.0
2020-01-17,174.99000549316406,175.39999389648438,173.3800048828125,173.94000244140625,172.7217559814453,190800.0
2020-01-21,172.35000610351562,174.3000030517578,171.67999267578125,174.14999389648438,172.93026733398438,362800.0
2020-01-22,175.0,175.27999877929688,172.5800018310547,173.1199951171875,171.90748596191406,276500.0
2020-01-23,171.9600067138672,172.88999938964844,170.72999572753906,172.25999450683594,171.0535125732422,268500.0
2020-01-24,173.77999877929688,174.01499938964844,171.86000061035156,172.47999572753906,171.27197265625,196800.0
2020-01-27,167.39999389648438,168.6699981689453,166.625,168.0500030517578,166.8730010986328,453900.0
2020-01-28,169.50999450683594,172.07000732421875,169.4499969482422,171.25,170.05059814453125,241100.0
2020-01-29,172.11000061035156,173.1699981689453,171.25999450683594,172.64999389648438,171.44078063964844,283100.0
2020-01-30,170.47999572753906,172.55999755859375,170.0399932861328,172.47999572753906,171.27197265625,337300.0
2020-01-31,169.41000366210938,170.4199981689453,168.55999755859375,168.82000732421875,167.6376190185547,597500.0
2020-02-03,168.66000366210938,176.5800018310547,168.3249969482422,170.25,169.05760192871094,545100.0
2020-02-04,168.25,169.02999877929688,164.41000366210938,168.52999877929688,167.34963989257812,1526600.0
2020-02-05,169.5399932861328,169.8300018310547,166.83999633789062,167.8800048828125,166.70419311523438,833700.0
2020-02-06,167.58999633789062,170.0500030517578,167.00999450683594,168.8000030517578,167.6177520751953,512700.0
2020-02-07,167.4199981689453,168.3000030517578,166.7100067138672,166.75999450683594,165.592041015625,396700.0
2020-02-10,167.77000427246094,168.02000427246094,166.41000366210938,167.5500030517578,166.3765106201172,319500.0
2020-02-11,169.88999938964844,171.55999755859375,169.72999572753906,171.16000366210938,169.9612274169922,307500.0
2020-02-12,172.44000244140625,174.18699645996094,172.36000061035156,173.7899932861328,172.5727996826172,261500.0
2020-02-13,171.3800048828125,172.88999938964844,171.10000610351562,172.30999755859375,171.10316467285156,334800.0
2020-02-14,172.97000122070312,173.7100067138672,172.4600067138672,173.25999450683594,172.0465087890625,258900.0
2020-02-18,176.6300048828125,178.9149932861328,176.61000061035156,177.6699981689453,176.42562866210938,498000.0
2020-02-19,180.36000061035156,180.9499969482422,178.94000244140625,179.2100067138672,177.95484924316406,443200.0
2020-02-20,178.97000122070312,179.88999938964844,176.82000732421875,177.85000610351562,176.6043701171875,487700.0
2020-02-21,176.3300018310547,176.3300018310547,172.6999969482422,172.89999389648438,171.68902587890625,446000.0
2020-02-24,161.8800048828125,165.10000610351562,161.86000061035156,162.99000549316406,161.84844970703125,1189100.0
2020-02-25,165.0,165.35000610351562,161.24000549316406,161.50999450683594,160.37879943847656,764600.0
2020-02-26,161.88999938964844,164.3800048828125,159.86000061035156,159.89999389648438,158.7800750732422,709200.0
2020-02-27,158.08999633789062,161.3699951171875,155.7899932861328,156.08999633789062,154.99676513671875,809300.0
2020-02-28,154.11000061035156,158.0,152.50999450683594,157.75,156.6451416015625,1113400.0
2020-03-02,156.36000061035156,161.4600067138672,154.63999938964844,161.2100067138672,160.08091735839844,566800.0
2020-03-03,161.2100067138672,163.5800018310547,156.1199951171875,156.72999572753906,155.6322784423828,528200.0
2020-03-04,157.5800018310547,160.64500427246094,155.5399932861328,160.3800048828125,159.25672912597656,624600.0
2020-03-05,155.61000061035156,157.25,153.1199951171875,154.19000244140625,153.11007690429688,630000.0
2020-03-06,152.27000427246094,153.2899932861328,149.3000030517578,152.17999267578125,151.11415100097656,855100.0
2020-03-09,141.1699981689453,145.30999755859375,137.17999267578125,137.72999572753906,136.76535034179688,1259500.0
2020-03-10,145.88999938964844,147.44500732421875,141.3699951171875,146.33999633789062,145.31504821777344,949900.0
2020-03-11,146.35000610351562,147.3800048828125,140.36000061035156,143.0399932861328,142.0381622314453,840300.0
2020-03-12,132.9499969482422,134.91000366210938,128.24000549316406,129.99000549316406,129.07957458496094,1288900.0
2020-03-13,143.92999267578125,143.92999267578125,132.6699981689453,142.27999877929688,141.2834930419922,789700.0
2020-03-16,129.36000061035156,139.67999267578125,127.7300033569336,129.32000732421875,128.41427612304688,1404500.0
2020-03-17,139.00999450683594,139.97000122070312,133.05999755859375,136.61000061035156,135.6531982421875,1493700.0
2020-03-18,134.11000061035156,138.60000610351562,130.1999969482422,134.0500030517578,133.11114501953125,1276700.0
2020-03-19,135.97000122070312,139.49000549316406,133.14999389648438,136.6999969482422,135.74256896972656,1058700.0
2020-03-20,137.4199981689453,147.99000549316406,137.17999267578125,139.55999755859375,138.58253479003906,784500.0
2020-03-23,132.80999755859375,137.6199951171875,129.5,129.5,128.59300231933594,761200.0
2020-03-24,140.7899932861328,149.97999572753906,138.9600067138672,144.9499969482422,143.93478393554688,574700.0
2020-03-25,149.33999633789062,156.94000244140625,147.97999572753906,154.05999755859375,152.98098754882812,1378400.0
2020-03-26,151.64999389648438,157.77000427246094,151.1999969482422,157.17999267578125,156.07913208007812,711900.0
2020-03-27,152.61000061035156,154.07000732421875,149.47999572753906,150.02999877929688,148.97921752929688,619700.0
2020-03-30,151.2100067138672,154.42999267578125,150.5,154.2899932861328,153.20936584472656,343600.0
2020-03-31,152.4499969482422,156.4499969482422,151.50999450683594,152.57000732421875,151.50143432617188,562300.0
2020-04-01,152.72000122070312,153.02999877929688,147.02000427246094,148.4499969482422,147.4102783203125,572900.0
2020-04-02,146.3300018310547,148.25999450683594,141.5399932861328,141.85000610351562,140.85650634765625,729600.0
2020-04-03,139.10000610351562,140.69000244140625,134.24000549316406,134.8300018310547,133.88568115234375,693900.0
2020-04-06,139.8699951171875,147.17999267578125,138.91000366210938,147.00999450683594,145.98036193847656,547100.0
2020-04-07,150.5500030517578,151.4199981689453,146.0,146.47999572753906,145.45407104492188,514100.0
2020-04-08,150.69000244140625,155.0,150.0500030517578,154.00999450683594,152.93133544921875,345600.0
2020-04-09,154.0,158.60000610351562,152.83999633789062,157.0399932861328,155.9401092529297,331200.0
2020-04-13,157.47999572753906,157.60000610351562,152.50999450683594,153.4199981689453,152.34547424316406,192000.0
2020-04-14,155.55999755859375,157.11000061035156,154.44000244140625,155.75999450683594,154.66908264160156,400400.0
2020-04-15,152.85000610351562,153.25999450683594,150.0,150.60000610351562,149.54522705078125,271700.0
2020-04-16,154.72000122070312,156.1999969482422,151.99000549316406,154.3000030517578,153.2193145751953,145800.0
2020-04-17,162.88999938964844,163.38999938964844,160.5749969482422,161.33999633789062,160.20999145507812,484700.0
2020-04-20,158.99000549316406,159.30999755859375,156.6300048828125,157.00999450683594,157.00999450683594,215400.0
2020-04-21,158.33999633789062,159.02000427246094,153.08999633789062,153.14999389648438,153.14999389648438,337700.0
2020-04-22,157.2899932861328,158.75,156.4499969482422,158.02000427246094,158.02000427246094,370300.0
2020-04-23,156.52999877929688,159.27999877929688,156.27999877929688,157.02000427246094,157.02000427246094,163900.0
2020-04-24,158.0,158.0,155.17999267578125,156.35000610351562,156.35000610351562,217300.0
2020-04-27,157.55999755859375,159.5,157.4600067138672,158.5,158.5,245800.0
2020-04-28,159.52999877929688,159.5500030517578,155.86000061035156,155.86000061035156,155.86000061035156,327000.0
2020-04-29,159.0,159.94000244140625,157.25,157.25,157.25,430800.0
2020-04-30,156.3699951171875,158.11500549316406,154.55499267578125,155.6199951171875,155.6199951171875,323200.0
2020-05-01,153.69000244140625,153.91000366210938,147.0800018310547,148.99000549316406,148.99000549316406,512800.0
2020-05-04,154.25999450683594,159.9199981689453,153.25999450683594,158.52999877929688,158.52999877929688,570500.0
2020-05-05,155.52999877929688,157.51499938964844,154.26499938964844,156.0399932861328,156.0399932861328,432800.0
2020-05-06,158.3300018310547,158.83999633789062,155.49000549316406,155.6999969482422,155.6999969482422,184877.0
